Branch,Opening_Rank,Closing_Rank,Category,Main_Category,Quota,Gender,Year,Source_File
IP,44504.0,75111.0,UR/X/OP,UR,X,OP,2020,2020_round1.pdf
IP,63965.0,78762.0,EWS,EWS,,,2020,2020_round1.pdf
IP,48279.0,95912.0,UR/X/F,UR,X,F,2020,2020_round1.pdf
IP,112671.0,112964.0,OBC/X/F,OBC,X,F,2020,2020_round1.pdf
IP,273271.0,273271.0,UR/S/OP,UR,S,OP,2020,2020_round1.pdf
IP,352405.0,354675.0,SC/X/F,SC,X,F,2020,2020_round1.pdf
IP,307098.0,430354.0,SC/X/OP,SC,X,OP,2020,2020_round1.pdf
IP,625437.0,625437.0,OBC/FF/OP,OBC,FF,OP,2020,2020_round1.pdf
IP,385866.0,780792.0,ST/X/F,ST,X,F,2020,2020_round1.pdf
IP,571179.0,986083.0,ST/X/OP,ST,X,OP,2020,2020_round1.pdf
IT,17316.0,18761.0,FW/OP,FW,OP,,2020,2020_round1.pdf
IT,16380.0,21146.0,UR/X/OP,UR,X,OP,2020,2020_round1.pdf
IT,15677.0,21551.0,UR/X/OP,UR,X,OP,2020,2020_round1.pdf
IT,19294.0,24695.0,EWS,EWS,,,2020,2020_round1.pdf
IT,16624.0,26179.0,OBC/X/OP,OBC,X,OP,2020,2020_round1.pdf
IT,20404.0,26367.0,UR/X/F,UR,X,F,2020,2020_round1.pdf
IT,34783.0,39634.0,OBC/X/F,OBC,X,F,2020,2020_round1.pdf
IT,43406.0,43406.0,UR/S/OP,UR,S,OP,2020,2020_round1.pdf
IT,46775.0,46775.0,OBC/NCC/OP,OBC,NCC,OP,2020,2020_round1.pdf
IT,65581.0,65581.0,UR/H/OP,UR,H,OP,2020,2020_round1.pdf
IT,91342.0,116407.0,SC/X/OP,SC,X,OP,2020,2020_round1.pdf
IT,161169.0,173559.0,SC/X/F,SC,X,F,2020,2020_round1.pdf
IT,175061.0,175061.0,UR/S/F,UR,S,F,2020,2020_round1.pdf
IT,248170.0,248170.0,OBC/H/OP,OBC,H,OP,2020,2020_round1.pdf
IT,275863.0,275863.0,UR/FF/F,UR,FF,F,2020,2020_round1.pdf
IT,226138.0,365101.0,ST/X/OP,ST,X,OP,2020,2020_round1.pdf
IT,350259.0,425173.0,ST/X/F,ST,X,F,2020,2020_round1.pdf
IT,473855.0,473855.0,SC/S/OP,SC,S,OP,2020,2020_round1.pdf
MECH,29734.0,38924.0,FW/OP,FW,OP,,2020,2020_round1.pdf
MECH,37494.0,48185.0,EWS,EWS,,,2020,2020_round1.pdf
MECH,35387.0,49786.0,UR/X/OP,UR,X,OP,2020,2020_round1.pdf
MECH,11523.0,50029.0,UR/X/OP,UR,X,OP,2020,2020_round1.pdf
MECH,40241.0,50370.0,OBC/X/OP,OBC,X,OP,2020,2020_round1.pdf
MECH,37884.0,62936.0,UR/X/F,UR,X,F,2020,2020_round1.pdf
MECH,84172.0,84172.0,OBC/S/OP,OBC,S,OP,2020,2020_round1.pdf
MECH,80565.0,84550.0,OBC/X/F,OBC,X,F,2020,2020_round1.pdf
MECH,101247.0,121074.0,UR/S/OP,UR,S,OP,2020,2020_round1.pdf
MECH,197776.0,197776.0,UR/NCC/OP,UR,NCC,OP,2020,2020_round1.pdf
MECH,128781.0,220361.0,SC/X/OP,SC,X,OP,2020,2020_round1.pdf
MECH,164274.0,291075.0,SC/X/F,SC,X,F,2020,2020_round1.pdf
MECH,377586.0,377586.0,UR/FF/OP,UR,FF,OP,2020,2020_round1.pdf
MECH,232031.0,393398.0,ST/X/OP,ST,X,OP,2020,2020_round1.pdf
MECH,402388.0,534787.0,ST/X/F,ST,X,F,2020,2020_round1.pdf
CE,133549.0,218749.0,FW/OP,FW,OP,,2020,2020_round1.pdf
CE,532334.0,978090.0,OBC/X/OP,OBC,X,OP,2020,2020_round1.pdf
CSE,761958.0,761958.0,FW/OP,FW,OP,,2020,2020_round1.pdf
CSE,836832.0,836832.0,EWS,EWS,,,2020,2020_round1.pdf
CSE,257305.0,983900.0,UR/X/OP,UR,X,OP,2020,2020_round1.pdf
EC,281301.0,320121.0,ST/X/OP,ST,X,OP,2020,2020_round2.pdf
EC,912305.0,912305.0,UR/H/OP,UR,H,OP,2020,2020_round2.pdf
EE,35068.0,39039.0,EWS,EWS,,,2020,2020_round2.pdf
EE,34833.0,45282.0,FW/OP,FW,OP,,2020,2020_round2.pdf
EE,42791.0,45469.0,UR/X/OP,UR,X,OP,2020,2020_round2.pdf
EE,36831.0,45833.0,UR/X/OP,UR,X,OP,2020,2020_round2.pdf
EE,48073.0,49115.0,OBC/X/OP,OBC,X,OP,2020,2020_round2.pdf
EE,44926.0,53023.0,UR/X/F,UR,X,F,2020,2020_round2.pdf
EE,183255.0,183255.0,SC/X/OP,SC,X,OP,2020,2020_round2.pdf
EE,295377.0,295377.0,ST/X/OP,ST,X,OP,2020,2020_round2.pdf
EI,42191.0,43398.0,UR/X/F,UR,X,F,2020,2020_round2.pdf
EI,35569.0,43483.0,FW/OP,FW,OP,,2020,2020_round2.pdf
EI,32777.0,45744.0,UR/X/OP,UR,X,OP,2020,2020_round2.pdf
EI,47345.0,47345.0,UR/X/OP,UR,X,OP,2020,2020_round2.pdf
EI,50431.0,50431.0,OBC/X/OP,OBC,X,OP,2020,2020_round2.pdf
EI,37264.0,52738.0,EWS,EWS,,,2020,2020_round2.pdf
EI,372901.0,372901.0,ST/X/OP,ST,X,OP,2020,2020_round2.pdf
EI,426587.0,610672.0,ST/X/F,ST,X,F,2020,2020_round2.pdf
IP,51992.0,51992.0,FW/OP,FW,OP,,2020,2020_round2.pdf
IP,60393.0,60393.0,OBC/X/OP,OBC,X,OP,2020,2020_round2.pdf
IP,50839.0,65908.0,UR/X/OP,UR,X,OP,2020,2020_round2.pdf
IP,61807.0,79276.0,UR/X/F,UR,X,F,2020,2020_round2.pdf
IP,57092.0,80564.0,UR/X/OP,UR,X,OP,2020,2020_round2.pdf
IP,154457.0,154457.0,OBC/X/F,OBC,X,F,2020,2020_round2.pdf
IP,246556.0,268432.0,SC/X/OP,SC,X,OP,2020,2020_round2.pdf
IP,479998.0,653170.0,ST/X/OP,ST,X,OP,2020,2020_round2.pdf
IP,758769.0,758769.0,ST/X/F,ST,X,F,2020,2020_round2.pdf
IT,20549.0,22786.0,FW/OP,FW,OP,,2020,2020_round2.pdf
IT,20677.0,27473.0,UR/X/OP,UR,X,OP,2020,2020_round2.pdf
IT,24545.0,27728.0,UR/X/OP,UR,X,OP,2020,2020_round2.pdf
IT,23166.0,28839.0,EWS,EWS,,,2020,2020_round2.pdf
IT,24868.0,30737.0,UR/X/F,UR,X,F,2020,2020_round2.pdf
IT,34732.0,35714.0,OBC/X/OP,OBC,X,OP,2020,2020_round2.pdf
IT,80422.0,91837.0,OBC/X/F,OBC,X,F,2020,2020_round2.pdf
IT,129507.0,176662.0,SC/X/OP,SC,X,OP,2020,2020_round2.pdf
IT,168966.0,204400.0,SC/X/F,SC,X,F,2020,2020_round2.pdf
IT,287874.0,287874.0,ST/X/OP,ST,X,OP,2020,2020_round2.pdf
IT,522986.0,522986.0,OBC/H/OP,OBC,H,OP,2020,2020_round2.pdf
IT,800497.0,800497.0,UR/H/OP,UR,H,OP,2020,2020_round2.pdf
MECH,36896.0,44397.0,FW/OP,FW,OP,,2020,2020_round2.pdf
MECH,47403.0,47403.0,UR/X/OP,UR,X,OP,2020,2020_round2.pdf
MECH,18808.0,50397.0,UR/X/OP,UR,X,OP,2020,2020_round2.pdf
MECH,36757.0,50398.0,EWS,EWS,,,2020,2020_round2.pdf
MECH,44504.0,50721.0,OBC/X/OP,OBC,X,OP,2020,2020_round2.pdf
MECH,46596.0,56141.0,UR/X/F,UR,X,F,2020,2020_round2.pdf
MECH,130980.0,136646.0,SC/X/OP,SC,X,OP,2020,2020_round2.pdf
MECH,232707.0,232707.0,SC/X/F,SC,X,F,2020,2020_round2.pdf
MECH,276005.0,297123.0,ST/X/OP,ST,X,OP,2020,2020_round2.pdf
MECH,395644.0,395644.0,ST/X/F,ST,X,F,2020,2020_round2.pdf
CE,527210.0,527210.0,ST/X/OP,ST,X,OP,2020,2020_round2.pdf
CE,378488.0,533139.0,FW/OP,FW,OP,,2020,2020_round2.pdf
CE,166129.0,958887.0,UR/X/OP,UR,X,OP,2020,2020_round2.pdf
CSE,204261.0,326006.0,OBC/X/OP,OBC,X,OP,2020,2020_round2.pdf
CSE,519414.0,519414.0,SC/X/OP,SC,X,OP,2020,2020_round2.pdf
EC,756325.0,756325.0,OBC/X/OP,OBC,X,OP,2020,2020_round2.pdf
CSE,393509.0,393509.0,FW/OP,FW,OP,,2020,2020_round2.pdf
EI,563189.0,722290.0,ST/X/F,ST,X,F,2021,2021_round1.pdf
EI,589106.0,741077.0,ST/X/OP,ST,X,OP,2021,2021_round1.pdf
IP,89115.0,92351.0,FW/OP,FW,OP,,2021,2021_round1.pdf
IP,80106.0,103367.0,UR/X/OP,UR,X,OP,2021,2021_round1.pdf
IP,91131.0,107760.0,EWS,EWS,,,2021,2021_round1.pdf
IP,69685.0,131849.0,UR/X/OP,UR,X,OP,2021,2021_round1.pdf
IP,128308.0,132260.0,OBC/X/F,OBC,X,F,2021,2021_round1.pdf
IP,95516.0,135635.0,OBC/X/OP,OBC,X,OP,2021,2021_round1.pdf
IP,64560.0,137789.0,UR/X/F,UR,X,F,2021,2021_round1.pdf
IP,314715.0,314715.0,UR/S/OP,UR,S,OP,2021,2021_round1.pdf
IP,319493.0,499182.0,SC/X/OP,SC,X,OP,2021,2021_round1.pdf
IP,444371.0,537033.0,SC/X/F,SC,X,F,2021,2021_round1.pdf
IP,379818.0,632437.0,ST/X/OP,ST,X,OP,2021,2021_round1.pdf
IT,17301.0,21140.0,FW/OP,FW,OP,,2021,2021_round1.pdf
IT,19401.0,24455.0,UR/X/OP,UR,X,OP,2021,2021_round1.pdf
IT,20961.0,26913.0,EWS,EWS,,,2021,2021_round1.pdf
IT,18805.0,27959.0,UR/X/OP,UR,X,OP,2021,2021_round1.pdf
IT,18487.0,31227.0,UR/X/F,UR,X,F,2021,2021_round1.pdf
IT,34253.0,34253.0,OBC/NCC/OP,OBC,NCC,OP,2021,2021_round1.pdf
IT,28125.0,34372.0,OBC/X/OP,OBC,X,OP,2021,2021_round1.pdf
IT,39302.0,39302.0,UR/S/OP,UR,S,OP,2021,2021_round1.pdf
IT,34470.0,40035.0,OBC/X/F,OBC,X,F,2021,2021_round1.pdf
IT,110250.0,132532.0,SC/X/OP,SC,X,OP,2021,2021_round1.pdf
IT,148607.0,148607.0,UR/S/F,UR,S,F,2021,2021_round1.pdf
IT,155314.0,194307.0,SC/X/F,SC,X,F,2021,2021_round1.pdf
IT,308951.0,308951.0,UR/FF/F,UR,FF,F,2021,2021_round1.pdf
IT,237547.0,314426.0,ST/X/OP,ST,X,OP,2021,2021_round1.pdf
IT,277779.0,324852.0,ST/X/F,ST,X,F,2021,2021_round1.pdf
IT,469279.0,469279.0,UR/H/OP,UR,H,OP,2021,2021_round1.pdf
IT,553899.0,553899.0,OBC/H/OP,OBC,H,OP,2021,2021_round1.pdf
MECH,47863.0,54759.0,UR/X/OP,UR,X,OP,2021,2021_round1.pdf
MECH,45383.0,59588.0,FW/OP,FW,OP,,2021,2021_round1.pdf
MECH,73814.0,73814.0,UR/S/OP,UR,S,OP,2021,2021_round1.pdf
MECH,45487.0,74995.0,OBC/X/OP,OBC,X,OP,2021,2021_round1.pdf
MECH,65135.0,75318.0,EWS,EWS,,,2021,2021_round1.pdf
MECH,23603.0,77707.0,UR/X/OP,UR,X,OP,2021,2021_round1.pdf
MECH,82698.0,94180.0,OBC/X/F,OBC,X,F,2021,2021_round1.pdf
MECH,50507.0,97570.0,UR/X/F,UR,X,F,2021,2021_round1.pdf
MECH,152952.0,152952.0,UR/FF/OP,UR,FF,OP,2021,2021_round1.pdf
MECH,167089.0,167089.0,UR/NCC/OP,UR,NCC,OP,2021,2021_round1.pdf
MECH,142870.0,283634.0,SC/X/OP,SC,X,OP,2021,2021_round1.pdf
MECH,347555.0,347555.0,UR/S/F,UR,S,F,2021,2021_round1.pdf
MECH,250893.0,390941.0,SC/X/F,SC,X,F,2021,2021_round1.pdf
MECH,198582.0,493461.0,ST/X/OP,ST,X,OP,2021,2021_round1.pdf
MECH,400434.0,503532.0,ST/X/F,ST,X,F,2021,2021_round1.pdf
CE,370829.0,469224.0,FW/OP,FW,OP,,2021,2021_round1.pdf
CE,605042.0,605042.0,UR/X/OP,UR,X,OP,2021,2021_round1.pdf
CE,426557.0,763980.0,OBC/X/OP,OBC,X,OP,2021,2021_round1.pdf
CSE,368511.0,738237.0,FW/OP,FW,OP,,2021,2021_round1.pdf
CSE,742156.0,742156.0,SC/X/OP,SC,X,OP,2021,2021_round1.pdf
CSE,351614.0,769516.0,OBC/X/OP,OBC,X,OP,2021,2021_round1.pdf
MECH,521150.0,521150.0,FW/OP,FW,OP,,2021,2021_round1.pdf
MECH,736563.0,772235.0,OBC/X/OP,OBC,X,OP,2021,2021_round1.pdf
CSE,478857.0,681018.0,FW/OP,FW,OP,,2021,2021_round1.pdf
CSE,321829.0,747212.0,UR/X/OP,UR,X,OP,2021,2021_round1.pdf
CSE,679546.0,760886.0,SC/X/OP,SC,X,OP,2021,2021_round1.pdf
CSE,798609.0,798609.0,OBC/X/OP,OBC,X,OP,2021,2021_round1.pdf
CSE,401545.0,401545.0,UR/X/OP,UR,X,OP,2021,2021_round1.pdf
AIADS,449051.0,449051.0,EWS,EWS,,,2021,2021_round1.pdf
EE,22129.0,33944.0,OBC/X/OP,OBC,X,OP,2021,2021_round2.pdf
EE,28744.0,39738.0,UR/X/OP,UR,X,OP,2021,2021_round2.pdf
EE,35058.0,40523.0,UR/X/OP,UR,X,OP,2021,2021_round2.pdf
EE,37448.0,42403.0,EWS,EWS,,,2021,2021_round2.pdf
EE,36674.0,48975.0,UR/X/F,UR,X,F,2021,2021_round2.pdf
EE,54385.0,54385.0,OBC/X/F,OBC,X,F,2021,2021_round2.pdf
EE,110143.0,110143.0,SC/X/F,SC,X,F,2021,2021_round2.pdf
EE,147876.0,147876.0,OBC/H/F,OBC,H,F,2021,2021_round2.pdf
EE,178106.0,199389.0,ST/X/OP,ST,X,OP,2021,2021_round2.pdf
EE,430792.1,430792.1,SC/NCC/OP,SC,NCC,OP,2021,2021_round2.pdf
EE,678330.0,678330.0,SC/S/OP,SC,S,OP,2021,2021_round2.pdf
EI,35557.0,35557.0,FW/OP,FW,OP,,2021,2021_round2.pdf
EI,30762.0,36967.0,UR/X/OP,UR,X,OP,2021,2021_round2.pdf
EI,37098.0,37098.0,UR/X/OP,UR,X,OP,2021,2021_round2.pdf
EI,40160.0,40160.0,UR/X/F,UR,X,F,2021,2021_round2.pdf
EI,41159.0,41159.0,OBC/X/OP,OBC,X,OP,2021,2021_round2.pdf
EI,46729.0,46729.0,EWS,EWS,,,2021,2021_round2.pdf
EI,59678.0,69761.0,OBC/X/F,OBC,X,F,2021,2021_round2.pdf
EI,90059.0,90059.0,UR/FF/OP,UR,FF,OP,2021,2021_round2.pdf
EI,161453.0,161453.0,ST/X/OP,ST,X,OP,2021,2021_round2.pdf
EI,257153.0,257153.0,ST/X/F,ST,X,F,2021,2021_round2.pdf
IP,55669.0,61013.0,UR/X/F,UR,X,F,2021,2021_round2.pdf
IP,63888.0,66366.0,UR/X/OP,UR,X,OP,2021,2021_round2.pdf
IP,70491.0,70491.0,FW/OP,FW,OP,,2021,2021_round2.pdf
IP,72930.0,81560.0,EWS,EWS,,,2021,2021_round2.pdf
IP,301107.0,301107.0,ST/X/OP,ST,X,OP,2021,2021_round2.pdf
IP,307779.0,635125.0,ST/X/F,ST,X,F,2021,2021_round2.pdf
IT,11802.0,17446.0,UR/X/OP,UR,X,OP,2021,2021_round2.pdf
IT,12263.0,17676.0,FW/OP,FW,OP,,2021,2021_round2.pdf
IT,18205.0,18205.0,EWS,EWS,,,2021,2021_round2.pdf
IT,18002.0,18825.0,UR/X/OP,UR,X,OP,2021,2021_round2.pdf
IT,18029.0,21376.0,OBC/X/OP,OBC,X,OP,2021,2021_round2.pdf
IT,16689.0,23692.0,UR/X/F,UR,X,F,2021,2021_round2.pdf
IT,34253.0,34253.0,OBC/NCC/OP,OBC,NCC,OP,2021,2021_round2.pdf
IT,44943.0,44943.0,SC/X/OP,SC,X,OP,2021,2021_round2.pdf
IT,109666.0,143218.0,ST/X/OP,ST,X,OP,2021,2021_round2.pdf
IT,494043.0,494043.0,OBC/H/OP,OBC,H,OP,2021,2021_round2.pdf
MECH,23603.0,41341.0,UR/X/OP,UR,X,OP,2021,2021_round2.pdf
MECH,27472.0,44450.0,FW/OP,FW,OP,,2021,2021_round2.pdf
MECH,45487.0,45487.0,OBC/X/OP,OBC,X,OP,2021,2021_round2.pdf
MECH,43892.0,45713.0,UR/X/OP,UR,X,OP,2021,2021_round2.pdf
MECH,55578.0,60368.0,UR/X/F,UR,X,F,2021,2021_round2.pdf
MECH,152952.0,152952.0,UR/FF/OP,UR,FF,OP,2021,2021_round2.pdf
MECH,179075.0,231024.0,ST/X/OP,ST,X,OP,2021,2021_round2.pdf
CSE,637122.0,674005.0,OBC/X/OP,OBC,X,OP,2021,2021_round2.pdf
CSE,394695.0,775627.0,UR/X/OP,UR,X,OP,2021,2021_round2.pdf
CSE,801714.0,801714.0,FW/OP,FW,OP,,2021,2021_round2.pdf
EC,700621.0,700621.0,SC/X/OP,SC,X,OP,2021,2021_round2.pdf
MECH,733850.0,733850.0,SC/X/OP,SC,X,OP,2021,2021_round2.pdf
CSE,422407.0,504308.0,FW/OP,FW,OP,,2021,2021_round2.pdf
CSE,321077.0,321077.0,OBC/X/OP,OBC,X,OP,2021,2021_round2.pdf
AIADS,739887.0,813977.0,UR/X/OP,UR,X,OP,2021,2021_round2.pdf
CE,693434.0,693434.0,ST/X/OP,ST,X,OP,2021,2021_round2.pdf
CSE,302285.0,302285.0,OBC/X/OP,OBC,X,OP,2021,2021_round2.pdf
IP,541736.0,541736.0,UR/S/F,UR,S,F,2022,2022_round1.pdf
IP,244816.0,684663.0,ST/X/OP,ST,X,OP,2022,2022_round1.pdf
IP,201045.0,688125.0,SC/X/F,SC,X,F,2022,2022_round1.pdf
IP,239952.0,873844.0,SC/X/OP,SC,X,OP,2022,2022_round1.pdf
IT,17902.0,19897.0,FW/OP,FW,OP,,2022,2022_round1.pdf
IT,21079.0,26905.0,UR/X/OP,UR,X,OP,2022,2022_round1.pdf
IT,18631.0,27174.0,UR/X/OP,UR,X,OP,2022,2022_round1.pdf
IT,26012.0,29804.0,OBC/X/OP,OBC,X,OP,2022,2022_round1.pdf
IT,26950.0,33030.0,EWS,EWS,,,2022,2022_round1.pdf
IT,28884.0,36842.0,OBC/X/F,OBC,X,F,2022,2022_round1.pdf
IT,28577.0,37407.0,UR/X/F,UR,X,F,2022,2022_round1.pdf
IT,42293.0,52893.0,UR/S/OP,UR,S,OP,2022,2022_round1.pdf
IT,54533.0,54533.0,OBC/S/OP,OBC,S,OP,2022,2022_round1.pdf
IT,89869.0,89869.0,UR/S/F,UR,S,F,2022,2022_round1.pdf
IT,94027.0,94027.0,OBC/NCC/OP,OBC,NCC,OP,2022,2022_round1.pdf
IT,122082.0,122082.0,UR/H/OP,UR,H,OP,2022,2022_round1.pdf
IT,66133.0,133986.0,SC/X/OP,SC,X,OP,2022,2022_round1.pdf
IT,115214.0,185545.0,SC/X/F,SC,X,F,2022,2022_round1.pdf
IT,258845.0,258845.0,UR/NCC/F,UR,NCC,F,2022,2022_round1.pdf
IT,199111.0,284991.0,ST/X/OP,ST,X,OP,2022,2022_round1.pdf
IT,287836.0,326620.0,ST/X/F,ST,X,F,2022,2022_round1.pdf
IT,376358.0,376358.0,OBC/H/OP,OBC,H,OP,2022,2022_round1.pdf
IT,605140.0,605140.0,UR/FF/F,UR,FF,F,2022,2022_round1.pdf
MECH,50615.0,67876.0,FW/OP,FW,OP,,2022,2022_round1.pdf
MECH,59412.0,68136.0,UR/X/OP,UR,X,OP,2022,2022_round1.pdf
MECH,50023.0,77476.0,UR/X/OP,UR,X,OP,2022,2022_round1.pdf
MECH,63146.0,77872.0,OBC/X/OP,OBC,X,OP,2022,2022_round1.pdf
MECH,68157.0,84360.0,EWS,EWS,,,2022,2022_round1.pdf
"Electronics 
and 
Telecommunic
ations",31766.0,40507.0,FW/OP,FW,OP,,2022,2022_round2.pdf
"Electronics 
and 
Telecommunic
ations",32498.0,40621.0,UR/X/OP,UR,X,OP,2022,2022_round2.pdf
"Electronics 
and 
Telecommunic
ations",37248.0,40815.0,OBC/X/OP,OBC,X,OP,2022,2022_round2.pdf
"Electronics 
and 
Telecommunic
ations",41788.0,41788.0,EWS,EWS,,,2022,2022_round2.pdf
"Electronics 
and 
Telecommunic
ations",41421.0,42685.0,UR/X/OP,UR,X,OP,2022,2022_round2.pdf
"Electronics 
and 
Telecommunic
ations",39265.0,52698.0,UR/X/F,UR,X,F,2022,2022_round2.pdf
"Electronics 
and 
Telecommunic
ations",64638.0,75143.0,OBC/X/F,OBC,X,F,2022,2022_round2.pdf
"Electronics 
and 
Telecommunic
ations",253046.0,261086.0,ST/X/OP,ST,X,OP,2022,2022_round2.pdf
"Electronics 
and 
Telecommunic
ations",352252.0,462794.0,ST/X/F,ST,X,F,2022,2022_round2.pdf
IP,69000.0,95886.0,UR/X/OP,UR,X,OP,2022,2022_round2.pdf
IP,77049.0,109863.0,UR/X/OP,UR,X,OP,2022,2022_round2.pdf
IP,113638.0,113638.0,UR/X/F,UR,X,F,2022,2022_round2.pdf
IP,93722.0,114615.0,FW/OP,FW,OP,,2022,2022_round2.pdf
IP,129920.0,185938.0,EWS,EWS,,,2022,2022_round2.pdf
IP,193292.0,361921.0,SC/X/OP,SC,X,OP,2022,2022_round2.pdf
IP,635143.0,635143.0,ST/X/F,ST,X,F,2022,2022_round2.pdf
IP,446030.0,902406.0,ST/X/OP,ST,X,OP,2022,2022_round2.pdf
IT,23514.0,23514.0,UR/S/OP,UR,S,OP,2022,2022_round2.pdf
IT,23952.0,23952.0,FW/OP,FW,OP,,2022,2022_round2.pdf
IT,22366.0,28872.0,UR/X/OP,UR,X,OP,2022,2022_round2.pdf
IT,26582.0,29567.0,UR/X/OP,UR,X,OP,2022,2022_round2.pdf
IT,25577.0,31016.0,EWS,EWS,,,2022,2022_round2.pdf
IT,26563.0,31710.0,UR/X/F,UR,X,F,2022,2022_round2.pdf
IT,28201.0,36678.0,OBC/X/OP,OBC,X,OP,2022,2022_round2.pdf
IT,43397.0,43397.0,OBC/X/F,OBC,X,F,2022,2022_round2.pdf
IT,102111.0,102111.0,SC/X/OP,SC,X,OP,2022,2022_round2.pdf
IT,176502.0,193711.0,SC/X/F,SC,X,F,2022,2022_round2.pdf
IT,133860.0,210979.0,ST/X/OP,ST,X,OP,2022,2022_round2.pdf
IT,376358.0,376358.0,OBC/H/OP,OBC,H,OP,2022,2022_round2.pdf
MECH,59035.0,59035.0,UR/X/OP,UR,X,OP,2022,2022_round2.pdf
MECH,64695.0,64695.0,FW/OP,FW,OP,,2022,2022_round2.pdf
MECH,53780.0,68267.0,UR/X/OP,UR,X,OP,2022,2022_round2.pdf
MECH,60060.0,70164.0,OBC/X/OP,OBC,X,OP,2022,2022_round2.pdf
MECH,70638.0,73892.0,EWS,EWS,,,2022,2022_round2.pdf
MECH,78374.0,86161.0,UR/X/F,UR,X,F,2022,2022_round2.pdf
MECH,129942.0,129942.0,UR/S/OP,UR,S,OP,2022,2022_round2.pdf
MECH,136544.0,136544.0,OBC/X/F,OBC,X,F,2022,2022_round2.pdf
MECH,240103.0,240103.0,ST/X/F,ST,X,F,2022,2022_round2.pdf
MECH,229820.0,258057.0,ST/X/OP,ST,X,OP,2022,2022_round2.pdf
MECH,277428.0,277428.0,OBC/S/OP,OBC,S,OP,2022,2022_round2.pdf
CE,829231.0,829231.0,OBC/X/OP,OBC,X,OP,2022,2022_round2.pdf
CSE,363758.0,455057.0,UR/X/OP,UR,X,OP,2022,2022_round2.pdf
CSE,553519.0,553519.0,ST/X/OP,ST,X,OP,2022,2022_round2.pdf
CSE,630663.0,630663.0,SC/X/OP,SC,X,OP,2022,2022_round2.pdf
CSE,721771.0,721771.0,FW/OP,FW,OP,,2022,2022_round2.pdf
CSE,557510.0,812922.0,OBC/X/OP,OBC,X,OP,2022,2022_round2.pdf
EC,100753.0,100753.0,UR/X/OP,UR,X,OP,2022,2022_round2.pdf
AIML,457960.0,498510.0,UR/X/OP,UR,X,OP,2022,2022_round2.pdf
CSE,150785.0,150785.0,FW/OP,FW,OP,,2022,2022_round2.pdf
CSE,254250.0,254250.0,UR/X/OP,UR,X,OP,2022,2022_round2.pdf
CSE,799822.0,799822.0,OBC/X/OP,OBC,X,OP,2022,2022_round2.pdf
IP,360804.0,487363.0,SC/X/F,SC,X,F,2023,2023_round1.pdf
IP,424816.0,763407.0,SC/X/OP,SC,X,OP,2023,2023_round1.pdf
IP,934394.0,934394.0,ST/X/F,ST,X,F,2023,2023_round1.pdf
IP,521568.0,521568.0,UR/S/OP,UR,S,OP,2023,2023_round1.pdf
IP,117962.0,171071.0,UR/X/F,UR,X,F,2023,2023_round1.pdf
IP,75393.0,90933.0,UR/X/OP,UR,X,OP,2023,2023_round1.pdf
IP,89436.0,139074.0,UR/X/OP,UR,X,OP,2023,2023_round1.pdf
IT,27578.0,32558.0,EWS,EWS,,,2023,2023_round1.pdf
IT,26783.0,31409.0,FW/OP,FW,OP,,2023,2023_round1.pdf
IT,979460.0,979460.0,OBC/H/F,OBC,H,F,2023,2023_round1.pdf
IT,124256.0,124256.0,OBC/NCC/OP,OBC,NCC,OP,2023,2023_round1.pdf
IT,89683.0,89683.0,OBC/S/OP,OBC,S,OP,2023,2023_round1.pdf
IT,44711.0,58612.0,OBC/X/F,OBC,X,F,2023,2023_round1.pdf
IT,34182.0,41270.0,OBC/X/OP,OBC,X,OP,2023,2023_round1.pdf
IT,578285.0,578285.0,SC/H/OP,SC,H,OP,2023,2023_round1.pdf
IT,458302.0,458302.0,SC/S/OP,SC,S,OP,2023,2023_round1.pdf
IT,153520.0,180478.0,SC/X/F,SC,X,F,2023,2023_round1.pdf
IT,132180.0,157698.0,SC/X/OP,SC,X,OP,2023,2023_round1.pdf
IT,284286.0,394150.0,ST/X/F,ST,X,F,2023,2023_round1.pdf
IT,220538.0,329025.0,ST/X/OP,ST,X,OP,2023,2023_round1.pdf
IT,102281.0,102281.0,UR/FF/F,UR,FF,F,2023,2023_round1.pdf
IT,469469.0,469469.0,UR/H/OP,UR,H,OP,2023,2023_round1.pdf
IT,169522.0,169522.0,UR/NCC/F,UR,NCC,F,2023,2023_round1.pdf
IT,170607.0,170607.0,UR/S/F,UR,S,F,2023,2023_round1.pdf
IT,47493.0,50611.0,UR/S/OP,UR,S,OP,2023,2023_round1.pdf
IT,32452.0,37932.0,UR/X/F,UR,X,F,2023,2023_round1.pdf
IT,22584.0,29747.0,UR/X/OP,UR,X,OP,2023,2023_round1.pdf
IT,26851.0,35507.0,UR/X/OP,UR,X,OP,2023,2023_round1.pdf
MECH,67967.0,78308.0,EWS,EWS,,,2023,2023_round1.pdf
MECH,53066.0,71707.0,FW/OP,FW,OP,,2023,2023_round1.pdf
MECH,126336.0,126336.0,OBC/S/OP,OBC,S,OP,2023,2023_round1.pdf
MECH,70574.0,97958.0,OBC/X/F,OBC,X,F,2023,2023_round1.pdf
MECH,66839.0,74758.0,OBC/X/OP,OBC,X,OP,2023,2023_round1.pdf
MECH,318477.0,351581.0,SC/X/F,SC,X,F,2023,2023_round1.pdf
MECH,174038.0,330096.0,SC/X/OP,SC,X,OP,2023,2023_round1.pdf
MECH,464512.0,557591.0,ST/X/F,ST,X,F,2023,2023_round1.pdf
MECH,297259.0,587774.0,ST/X/OP,ST,X,OP,2023,2023_round1.pdf
MECH,279483.0,279483.0,UR/NCC/F,UR,NCC,F,2023,2023_round1.pdf
MECH,214486.0,214486.0,UR/S/OP,UR,S,OP,2023,2023_round1.pdf
MECH,228978.0,228978.0,UR/S/OP,UR,S,OP,2023,2023_round1.pdf
MECH,83699.0,97524.0,UR/X/F,UR,X,F,2023,2023_round1.pdf
MECH,60893.0,70010.0,UR/X/OP,UR,X,OP,2023,2023_round1.pdf
MECH,36576.0,77349.0,UR/X/OP,UR,X,OP,2023,2023_round1.pdf
CE,233100.0,233100.0,FW/OP,FW,OP,,2023,2023_round1.pdf
CE,804002.0,804002.0,OBC/X/OP,OBC,X,OP,2023,2023_round1.pdf
CE,828955.0,828955.0,SC/X/OP,SC,X,OP,2023,2023_round1.pdf
CE,192658.0,773282.0,UR/X/OP,UR,X,OP,2023,2023_round1.pdf
CSE,19218.0,19218.0,FW/OP,FW,OP,,2023,2023_round1.pdf
CSE,386629.0,891475.0,OBC/X/OP,OBC,X,OP,2023,2023_round1.pdf
CSE,1001263.0,1069911.0,SC/X/OP,SC,X,OP,2023,2023_round1.pdf
CSE,256031.0,969694.0,UR/X/OP,UR,X,OP,2023,2023_round1.pdf
EC,218262.0,218262.0,OBC/X/OP,OBC,X,OP,2023,2023_round1.pdf
EC,106394.0,106394.0,UR/X/OP,UR,X,OP,2023,2023_round1.pdf
MECH,1060384.0,1060384.0,SC/X/OP,SC,X,OP,2023,2023_round1.pdf
IP,700697.0,700697.0,ST/X/OP,ST,X,OP,2023,2023_round2.pdf
IP,228978.0,521568.0,UR/S/OP,UR,S,OP,2023,2023_round2.pdf
IP,143683.0,228755.0,UR/X/F,UR,X,F,2023,2023_round2.pdf
IP,107086.0,151207.0,UR/X/OP,UR,X,OP,2023,2023_round2.pdf
IP,124735.0,155978.0,UR/X/OP,UR,X,OP,2023,2023_round2.pdf
IT,60180.0,60455.0,EWS,EWS,,,2023,2023_round2.pdf
IT,49553.0,49553.0,FW/OP,FW,OP,,2023,2023_round2.pdf
IT,51560.0,55314.0,OBC/X/OP,OBC,X,OP,2023,2023_round2.pdf
IT,182181.0,182181.0,SC/X/F,SC,X,F,2023,2023_round2.pdf
IT,166468.0,173065.0,SC/X/OP,SC,X,OP,2023,2023_round2.pdf
IT,128162.0,189917.0,ST/X/OP,ST,X,OP,2023,2023_round2.pdf
IT,616512.0,616512.0,UR/H/OP,UR,H,OP,2023,2023_round2.pdf
IT,64745.0,66526.0,UR/X/F,UR,X,F,2023,2023_round2.pdf
IT,29903.0,37162.0,UR/X/OP,UR,X,OP,2023,2023_round2.pdf
IT,50541.0,60286.0,UR/X/OP,UR,X,OP,2023,2023_round2.pdf
MECH,111578.0,112732.0,EWS,EWS,,,2023,2023_round2.pdf
MECH,107506.0,116963.0,FW/OP,FW,OP,,2023,2023_round2.pdf
MECH,128588.0,163603.0,OBC/X/F,OBC,X,F,2023,2023_round2.pdf
MECH,71904.0,100272.0,OBC/X/OP,OBC,X,OP,2023,2023_round2.pdf
MECH,519985.0,519985.0,ST/X/F,ST,X,F,2023,2023_round2.pdf
MECH,488504.0,700394.0,ST/X/OP,ST,X,OP,2023,2023_round2.pdf
MECH,111989.0,130549.0,UR/X/F,UR,X,F,2023,2023_round2.pdf
EI,521252.0,521252.0,ST/X/F,ST,X,F,2024,2024_round2.pdf
MECH,227331.0,603009.0,ST/X/F,ST,X,F,2024,2024_round2.pdf
"Electronics 
and 
Telecommunic
ations",616415.0,616415.0,ST/X/F,ST,X,F,2024,2024_round2.pdf
IP,954644.0,954644.0,ST/X/F,ST,X,F,2024,2024_round2.pdf
CSE,10953.0,10953.0,ST/X/OP,ST,X,OP,2024,2024_round2.pdf
CE,246829.0,406743.0,ST/X/OP,ST,X,OP,2024,2024_round2.pdf
IT,419154.0,419154.0,ST/X/OP,ST,X,OP,2024,2024_round2.pdf
"Electronics 
and 
Telecommunic
ations",441144.0,441144.0,ST/X/OP,ST,X,OP,2024,2024_round2.pdf
EE,528427.0,635386.0,ST/X/OP,ST,X,OP,2024,2024_round2.pdf
MECH,523813.0,882182.0,ST/X/OP,ST,X,OP,2024,2024_round2.pdf
EI,619324.0,1153192.0,ST/X/OP,ST,X,OP,2024,2024_round2.pdf
BM,1353397.0,1353397.0,ST/X/OP,ST,X,OP,2024,2024_round2.pdf
"Electronics 
and 
Telecommunic
ations",96874.0,96874.0,UR/FF/OP,UR,FF,OP,2024,2024_round2.pdf
MECH,922199.0,922199.0,UR/NCC/OP,UR,NCC,OP,2024,2024_round2.pdf
CE,1023661.0,1023661.0,UR/S/F,UR,S,F,2024,2024_round2.pdf
IT,71838.0,71838.0,UR/S/OP,UR,S,OP,2024,2024_round2.pdf
IP,389178.0,389178.0,UR/S/OP,UR,S,OP,2024,2024_round2.pdf
CSE,40534.0,54537.0,UR/X/F,UR,X,F,2024,2024_round2.pdf
IT,54625.0,61927.0,UR/X/F,UR,X,F,2024,2024_round2.pdf
"Electronics 
and 
Telecommunic
ations",64065.0,70835.0,UR/X/F,UR,X,F,2024,2024_round2.pdf
EI,73650.0,73650.0,UR/X/F,UR,X,F,2024,2024_round2.pdf
EE,85503.0,88802.0,UR/X/F,UR,X,F,2024,2024_round2.pdf
MECH,93845.0,100958.0,UR/X/F,UR,X,F,2024,2024_round2.pdf
IP,103215.0,126463.0,UR/X/F,UR,X,F,2024,2024_round2.pdf
CE,112924.0,151093.0,UR/X/F,UR,X,F,2024,2024_round2.pdf
BM,156948.0,184092.0,UR/X/F,UR,X,F,2024,2024_round2.pdf
BEIL,268308.0,300675.0,UR/X/F,UR,X,F,2024,2024_round2.pdf
IT,3907.0,3907.0,UR/X/OP,UR,X,OP,2024,2024_round2.pdf
CSE,9378.0,9378.0,UR/X/OP,UR,X,OP,2024,2024_round2.pdf
IT,11528.0,42938.0,UR/X/OP,UR,X,OP,2024,2024_round2.pdf
"Electronics 
and 
Telecommunic
ations",24855.0,50665.0,UR/X/OP,UR,X,OP,2024,2024_round2.pdf
"Electronics 
and 
Telecommunic
ations",48148.0,56282.0,UR/X/OP,UR,X,OP,2024,2024_round2.pdf
EI,57740.0,69256.0,UR/X/OP,UR,X,OP,2024,2024_round2.pdf
EI,68713.0,70020.0,UR/X/OP,UR,X,OP,2024,2024_round2.pdf
EE,59510.0,79101.0,UR/X/OP,UR,X,OP,2024,2024_round2.pdf
EE,24244.0,80104.0,UR/X/OP,UR,X,OP,2024,2024_round2.pdf
MECH,82713.0,89313.0,UR/X/OP,UR,X,OP,2024,2024_round2.pdf
MECH,78489.0,96818.0,UR/X/OP,UR,X,OP,2024,2024_round2.pdf
CE,53868.0,104781.0,UR/X/OP,UR,X,OP,2024,2024_round2.pdf
CE,92007.0,108401.0,UR/X/OP,UR,X,OP,2024,2024_round2.pdf
IP,94053.0,143191.0,UR/X/OP,UR,X,OP,2024,2024_round2.pdf
IP,131452.0,143800.0,UR/X/OP,UR,X,OP,2024,2024_round2.pdf
BM,117716.0,163802.0,UR/X/OP,UR,X,OP,2024,2024_round2.pdf
BM,108631.0,199966.0,UR/X/OP,UR,X,OP,2024,2024_round2.pdf
