branch,opening_rank,closing_rank,category,domicile,year,source_file
IP,44504,75111,UR/X/OP,Y,2020,2020_round1.pdf
IP,63965,78762,EWS,Y,2020,2020_round1.pdf
IP,48279,95912,UR/X/F,Y,2020,2020_round1.pdf
IP,112671,112964,OBC/X/F,Y,2020,2020_round1.pdf
IP,273271,273271,UR/S/OP,Y,2020,2020_round1.pdf
IP,352405,354675,SC/X/F,Y,2020,2020_round1.pdf
IP,307098,430354,SC/X/OP,Y,2020,2020_round1.pdf
IP,625437,625437,OBC/FF/OP,Y,2020,2020_round1.pdf
IP,385866,780792,ST/X/F,Y,2020,2020_round1.pdf
IP,571179,986083,ST/X/OP,Y,2020,2020_round1.pdf
IT,17316,18761,FW/OP,Y,2020,2020_round1.pdf
IT,16380,21146,UR/X/OP,AI,2020,2020_round1.pdf
IT,15677,21551,UR/X/OP,Y,2020,2020_round1.pdf
IT,19294,24695,EWS,Y,2020,2020_round1.pdf
IT,16624,26179,OBC/X/OP,Y,2020,2020_round1.pdf
IT,20404,26367,UR/X/F,Y,2020,2020_round1.pdf
IT,34783,39634,OBC/X/F,Y,2020,2020_round1.pdf
IT,43406,43406,UR/S/OP,Y,2020,2020_round1.pdf
IT,46775,46775,OBC/NCC/OP,Y,2020,2020_round1.pdf
IT,65581,65581,UR/H/OP,Y,2020,2020_round1.pdf
IT,91342,116407,SC/X/OP,Y,2020,2020_round1.pdf
IT,161169,173559,SC/X/F,Y,2020,2020_round1.pdf
IT,175061,175061,UR/S/F,Y,2020,2020_round1.pdf
IT,248170,248170,OBC/H/OP,Y,2020,2020_round1.pdf
IT,275863,275863,UR/FF/F,Y,2020,2020_round1.pdf
IT,226138,365101,ST/X/OP,Y,2020,2020_round1.pdf
IT,350259,425173,ST/X/F,Y,2020,2020_round1.pdf
IT,473855,473855,SC/S/OP,Y,2020,2020_round1.pdf
MECH,29734,38924,FW/OP,Y,2020,2020_round1.pdf
MECH,37494,48185,EWS,Y,2020,2020_round1.pdf
MECH,35387,49786,UR/X/OP,AI,2020,2020_round1.pdf
MECH,11523,50029,UR/X/OP,Y,2020,2020_round1.pdf
MECH,40241,50370,OBC/X/OP,Y,2020,2020_round1.pdf
MECH,37884,62936,UR/X/F,Y,2020,2020_round1.pdf
MECH,84172,84172,OBC/S/OP,Y,2020,2020_round1.pdf
MECH,80565,84550,OBC/X/F,Y,2020,2020_round1.pdf
MECH,101247,121074,UR/S/OP,Y,2020,2020_round1.pdf
MECH,197776,197776,UR/NCC/OP,Y,2020,2020_round1.pdf
MECH,128781,220361,SC/X/OP,Y,2020,2020_round1.pdf
MECH,164274,291075,SC/X/F,Y,2020,2020_round1.pdf
MECH,377586,377586,UR/FF/OP,Y,2020,2020_round1.pdf
MECH,232031,393398,ST/X/OP,Y,2020,2020_round1.pdf
MECH,402388,534787,ST/X/F,Y,2020,2020_round1.pdf
ENTC,281301,320121,ST/X/OP,Y,2020,2020_round2.pdf
ENTC,912305,912305,UR/H/OP,Y,2020,2020_round2.pdf
EE,35068,39039,EWS,Y,2020,2020_round2.pdf
EE,34833,45282,FW/OP,Y,2020,2020_round2.pdf
EE,42791,45469,UR/X/OP,AI,2020,2020_round2.pdf
EE,36831,45833,UR/X/OP,Y,2020,2020_round2.pdf
EE,48073,49115,OBC/X/OP,Y,2020,2020_round2.pdf
EE,44926,53023,UR/X/F,Y,2020,2020_round2.pdf
EE,183255,183255,SC/X/OP,Y,2020,2020_round2.pdf
EE,295377,295377,ST/X/OP,Y,2020,2020_round2.pdf
EI,42191,43398,UR/X/F,Y,2020,2020_round2.pdf
EI,35569,43483,FW/OP,Y,2020,2020_round2.pdf
EI,32777,45744,UR/X/OP,Y,2020,2020_round2.pdf
EI,47345,47345,UR/X/OP,AI,2020,2020_round2.pdf
EI,50431,50431,OBC/X/OP,Y,2020,2020_round2.pdf
EI,37264,52738,EWS,Y,2020,2020_round2.pdf
EI,372901,372901,ST/X/OP,Y,2020,2020_round2.pdf
EI,426587,610672,ST/X/F,Y,2020,2020_round2.pdf
IP,51992,51992,FW/OP,Y,2020,2020_round2.pdf
IP,60393,60393,OBC/X/OP,Y,2020,2020_round2.pdf
IP,50839,65908,UR/X/OP,AI,2020,2020_round2.pdf
IP,61807,79276,UR/X/F,Y,2020,2020_round2.pdf
IP,57092,80564,UR/X/OP,Y,2020,2020_round2.pdf
IP,154457,154457,OBC/X/F,Y,2020,2020_round2.pdf
IP,246556,268432,SC/X/OP,Y,2020,2020_round2.pdf
IP,479998,653170,ST/X/OP,Y,2020,2020_round2.pdf
IP,758769,758769,ST/X/F,Y,2020,2020_round2.pdf
IT,20549,22786,FW/OP,Y,2020,2020_round2.pdf
IT,20677,27473,UR/X/OP,Y,2020,2020_round2.pdf
IT,24545,27728,UR/X/OP,AI,2020,2020_round2.pdf
IT,23166,28839,EWS,Y,2020,2020_round2.pdf
IT,24868,30737,UR/X/F,Y,2020,2020_round2.pdf
IT,34732,35714,OBC/X/OP,Y,2020,2020_round2.pdf
IT,80422,91837,OBC/X/F,Y,2020,2020_round2.pdf
IT,129507,176662,SC/X/OP,Y,2020,2020_round2.pdf
IT,168966,204400,SC/X/F,Y,2020,2020_round2.pdf
IT,287874,287874,ST/X/OP,Y,2020,2020_round2.pdf
IT,522986,522986,OBC/H/OP,Y,2020,2020_round2.pdf
IT,800497,800497,UR/H/OP,Y,2020,2020_round2.pdf
MECH,36896,44397,FW/OP,Y,2020,2020_round2.pdf
MECH,47403,47403,UR/X/OP,AI,2020,2020_round2.pdf
MECH,18808,50397,UR/X/OP,Y,2020,2020_round2.pdf
MECH,36757,50398,EWS,Y,2020,2020_round2.pdf
MECH,44504,50721,OBC/X/OP,Y,2020,2020_round2.pdf
MECH,46596,56141,UR/X/F,Y,2020,2020_round2.pdf
MECH,130980,136646,SC/X/OP,Y,2020,2020_round2.pdf
MECH,232707,232707,SC/X/F,Y,2020,2020_round2.pdf
MECH,276005,297123,ST/X/OP,Y,2020,2020_round2.pdf
MECH,395644,395644,ST/X/F,Y,2020,2020_round2.pdf
EI,563189,722290,ST/X/F,Y,2021,2021_round1.pdf
EI,589106,741077,ST/X/OP,Y,2021,2021_round1.pdf
IP,89115,92351,FW/OP,Y,2021,2021_round1.pdf
IP,80106,103367,UR/X/OP,AI,2021,2021_round1.pdf
IP,91131,107760,EWS,Y,2021,2021_round1.pdf
IP,69685,131849,UR/X/OP,Y,2021,2021_round1.pdf
IP,128308,132260,OBC/X/F,Y,2021,2021_round1.pdf
IP,95516,135635,OBC/X/OP,Y,2021,2021_round1.pdf
IP,64560,137789,UR/X/F,Y,2021,2021_round1.pdf
IP,314715,314715,UR/S/OP,Y,2021,2021_round1.pdf
IP,319493,499182,SC/X/OP,Y,2021,2021_round1.pdf
IP,444371,537033,SC/X/F,Y,2021,2021_round1.pdf
IP,379818,632437,ST/X/OP,Y,2021,2021_round1.pdf
IT,17301,21140,FW/OP,Y,2021,2021_round1.pdf
IT,19401,24455,UR/X/OP,AI,2021,2021_round1.pdf
IT,20961,26913,EWS,Y,2021,2021_round1.pdf
IT,18805,27959,UR/X/OP,Y,2021,2021_round1.pdf
IT,18487,31227,UR/X/F,Y,2021,2021_round1.pdf
IT,34253,34253,OBC/NCC/OP,Y,2021,2021_round1.pdf
IT,28125,34372,OBC/X/OP,Y,2021,2021_round1.pdf
IT,39302,39302,UR/S/OP,Y,2021,2021_round1.pdf
IT,34470,40035,OBC/X/F,Y,2021,2021_round1.pdf
IT,110250,132532,SC/X/OP,Y,2021,2021_round1.pdf
IT,148607,148607,UR/S/F,Y,2021,2021_round1.pdf
IT,155314,194307,SC/X/F,Y,2021,2021_round1.pdf
IT,308951,308951,UR/FF/F,Y,2021,2021_round1.pdf
IT,237547,314426,ST/X/OP,Y,2021,2021_round1.pdf
IT,277779,324852,ST/X/F,Y,2021,2021_round1.pdf
IT,469279,469279,UR/H/OP,Y,2021,2021_round1.pdf
IT,553899,553899,OBC/H/OP,Y,2021,2021_round1.pdf
MECH,47863,54759,UR/X/OP,AI,2021,2021_round1.pdf
MECH,45383,59588,FW/OP,Y,2021,2021_round1.pdf
MECH,73814,73814,UR/S/OP,Y,2021,2021_round1.pdf
MECH,45487,74995,OBC/X/OP,Y,2021,2021_round1.pdf
MECH,65135,75318,EWS,Y,2021,2021_round1.pdf
MECH,23603,77707,UR/X/OP,Y,2021,2021_round1.pdf
MECH,82698,94180,OBC/X/F,Y,2021,2021_round1.pdf
MECH,50507,97570,UR/X/F,Y,2021,2021_round1.pdf
MECH,152952,152952,UR/FF/OP,Y,2021,2021_round1.pdf
MECH,167089,167089,UR/NCC/OP,Y,2021,2021_round1.pdf
MECH,142870,283634,SC/X/OP,Y,2021,2021_round1.pdf
MECH,347555,347555,UR/S/F,Y,2021,2021_round1.pdf
MECH,250893,390941,SC/X/F,Y,2021,2021_round1.pdf
MECH,198582,493461,ST/X/OP,Y,2021,2021_round1.pdf
MECH,400434,503532,ST/X/F,Y,2021,2021_round1.pdf
EE,22129,33944,OBC/X/OP,Y,2021,2021_round2.pdf
EE,28744,39738,UR/X/OP,Y,2021,2021_round2.pdf
EE,35058,40523,UR/X/OP,AI,2021,2021_round2.pdf
EE,37448,42403,EWS,Y,2021,2021_round2.pdf
EE,36674,48975,UR/X/F,Y,2021,2021_round2.pdf
EE,54385,54385,OBC/X/F,Y,2021,2021_round2.pdf
EE,110143,110143,SC/X/F,Y,2021,2021_round2.pdf
EE,147876,147876,OBC/H/F,Y,2021,2021_round2.pdf
EE,178106,199389,ST/X/OP,Y,2021,2021_round2.pdf
EE,678330,678330,SC/S/OP,Y,2021,2021_round2.pdf
EI,35557,35557,FW/OP,Y,2021,2021_round2.pdf
EI,30762,36967,UR/X/OP,Y,2021,2021_round2.pdf
EI,37098,37098,UR/X/OP,AI,2021,2021_round2.pdf
EI,40160,40160,UR/X/F,Y,2021,2021_round2.pdf
EI,41159,41159,OBC/X/OP,Y,2021,2021_round2.pdf
EI,46729,46729,EWS,Y,2021,2021_round2.pdf
EI,59678,69761,OBC/X/F,Y,2021,2021_round2.pdf
EI,90059,90059,UR/FF/OP,Y,2021,2021_round2.pdf
EI,161453,161453,ST/X/OP,Y,2021,2021_round2.pdf
EI,257153,257153,ST/X/F,Y,2021,2021_round2.pdf
IP,55669,61013,UR/X/F,Y,2021,2021_round2.pdf
IP,63888,66366,UR/X/OP,Y,2021,2021_round2.pdf
IP,70491,70491,FW/OP,Y,2021,2021_round2.pdf
IP,72930,81560,EWS,Y,2021,2021_round2.pdf
IP,301107,301107,ST/X/OP,Y,2021,2021_round2.pdf
IP,307779,635125,ST/X/F,Y,2021,2021_round2.pdf
IT,11802,17446,UR/X/OP,Y,2021,2021_round2.pdf
IT,12263,17676,FW/OP,Y,2021,2021_round2.pdf
IT,18205,18205,EWS,Y,2021,2021_round2.pdf
IT,18002,18825,UR/X/OP,AI,2021,2021_round2.pdf
IT,18029,21376,OBC/X/OP,Y,2021,2021_round2.pdf
IT,16689,23692,UR/X/F,Y,2021,2021_round2.pdf
IT,34253,34253,OBC/NCC/OP,Y,2021,2021_round2.pdf
IT,44943,44943,SC/X/OP,Y,2021,2021_round2.pdf
IT,109666,143218,ST/X/OP,Y,2021,2021_round2.pdf
IT,494043,494043,OBC/H/OP,Y,2021,2021_round2.pdf
MECH,23603,41341,UR/X/OP,Y,2021,2021_round2.pdf
MECH,27472,44450,FW/OP,Y,2021,2021_round2.pdf
MECH,45487,45487,OBC/X/OP,Y,2021,2021_round2.pdf
MECH,43892,45713,UR/X/OP,AI,2021,2021_round2.pdf
MECH,55578,60368,UR/X/F,Y,2021,2021_round2.pdf
MECH,152952,152952,UR/FF/OP,Y,2021,2021_round2.pdf
MECH,179075,231024,ST/X/OP,Y,2021,2021_round2.pdf
IP,541736,541736,UR/S/F,Y,2022,2022_round1.pdf
IP,244816,684663,ST/X/OP,Y,2022,2022_round1.pdf
IP,201045,688125,SC/X/F,Y,2022,2022_round1.pdf
IP,239952,873844,SC/X/OP,Y,2022,2022_round1.pdf
IT,17902,19897,FW/OP,Y,2022,2022_round1.pdf
IT,21079,26905,UR/X/OP,AI,2022,2022_round1.pdf
IT,18631,27174,UR/X/OP,Y,2022,2022_round1.pdf
IT,26012,29804,OBC/X/OP,Y,2022,2022_round1.pdf
IT,26950,33030,EWS,Y,2022,2022_round1.pdf
IT,28884,36842,OBC/X/F,Y,2022,2022_round1.pdf
IT,28577,37407,UR/X/F,Y,2022,2022_round1.pdf
IT,42293,52893,UR/S/OP,Y,2022,2022_round1.pdf
IT,54533,54533,OBC/S/OP,Y,2022,2022_round1.pdf
IT,89869,89869,UR/S/F,Y,2022,2022_round1.pdf
IT,94027,94027,OBC/NCC/OP,Y,2022,2022_round1.pdf
IT,122082,122082,UR/H/OP,Y,2022,2022_round1.pdf
IT,66133,133986,SC/X/OP,Y,2022,2022_round1.pdf
IT,115214,185545,SC/X/F,Y,2022,2022_round1.pdf
IT,258845,258845,UR/NCC/F,Y,2022,2022_round1.pdf
IT,199111,284991,ST/X/OP,Y,2022,2022_round1.pdf
IT,287836,326620,ST/X/F,Y,2022,2022_round1.pdf
IT,376358,376358,OBC/H/OP,Y,2022,2022_round1.pdf
IT,605140,605140,UR/FF/F,Y,2022,2022_round1.pdf
MECH,50615,67876,FW/OP,Y,2022,2022_round1.pdf
MECH,59412,68136,UR/X/OP,AI,2022,2022_round1.pdf
MECH,50023,77476,UR/X/OP,Y,2022,2022_round1.pdf
MECH,63146,77872,OBC/X/OP,Y,2022,2022_round1.pdf
MECH,68157,84360,EWS,Y,2022,2022_round1.pdf
IP,69000,95886,UR/X/OP,AI,2022,2022_round2.pdf
IP,77049,109863,UR/X/OP,Y,2022,2022_round2.pdf
IP,113638,113638,UR/X/F,Y,2022,2022_round2.pdf
IP,93722,114615,FW/OP,Y,2022,2022_round2.pdf
IP,129920,185938,EWS,Y,2022,2022_round2.pdf
IP,193292,361921,SC/X/OP,Y,2022,2022_round2.pdf
IP,635143,635143,ST/X/F,Y,2022,2022_round2.pdf
IP,446030,902406,ST/X/OP,Y,2022,2022_round2.pdf
IT,23514,23514,UR/S/OP,Y,2022,2022_round2.pdf
IT,23952,23952,FW/OP,Y,2022,2022_round2.pdf
IT,22366,28872,UR/X/OP,Y,2022,2022_round2.pdf
IT,26582,29567,UR/X/OP,AI,2022,2022_round2.pdf
IT,25577,31016,EWS,Y,2022,2022_round2.pdf
IT,26563,31710,UR/X/F,Y,2022,2022_round2.pdf
IT,28201,36678,OBC/X/OP,Y,2022,2022_round2.pdf
IT,43397,43397,OBC/X/F,Y,2022,2022_round2.pdf
IT,102111,102111,SC/X/OP,Y,2022,2022_round2.pdf
IT,176502,193711,SC/X/F,Y,2022,2022_round2.pdf
IT,133860,210979,ST/X/OP,Y,2022,2022_round2.pdf
IT,376358,376358,OBC/H/OP,Y,2022,2022_round2.pdf
MECH,59035,59035,UR/X/OP,AI,2022,2022_round2.pdf
MECH,64695,64695,FW/OP,Y,2022,2022_round2.pdf
MECH,53780,68267,UR/X/OP,Y,2022,2022_round2.pdf
MECH,60060,70164,OBC/X/OP,Y,2022,2022_round2.pdf
MECH,70638,73892,EWS,Y,2022,2022_round2.pdf
MECH,78374,86161,UR/X/F,Y,2022,2022_round2.pdf
MECH,129942,129942,UR/S/OP,Y,2022,2022_round2.pdf
MECH,136544,136544,OBC/X/F,Y,2022,2022_round2.pdf
MECH,240103,240103,ST/X/F,Y,2022,2022_round2.pdf
MECH,229820,258057,ST/X/OP,Y,2022,2022_round2.pdf
MECH,277428,277428,OBC/S/OP,Y,2022,2022_round2.pdf
IP,360804,487363,SC/X/F,Y,2023,2023_round1.pdf
IP,424816,763407,SC/X/OP,Y,2023,2023_round1.pdf
IP,934394,934394,ST/X/F,Y,2023,2023_round1.pdf
IP,521568,521568,UR/S/OP,Y,2023,2023_round1.pdf
IP,117962,171071,UR/X/F,Y,2023,2023_round1.pdf
IP,75393,90933,UR/X/OP,AI,2023,2023_round1.pdf
IP,89436,139074,UR/X/OP,Y,2023,2023_round1.pdf
IT,27578,32558,EWS,Y,2023,2023_round1.pdf
IT,26783,31409,FW/OP,Y,2023,2023_round1.pdf
IT,979460,979460,OBC/H/F,Y,2023,2023_round1.pdf
IT,124256,124256,OBC/NCC/OP,Y,2023,2023_round1.pdf
IT,89683,89683,OBC/S/OP,Y,2023,2023_round1.pdf
IT,44711,58612,OBC/X/F,Y,2023,2023_round1.pdf
IT,34182,41270,OBC/X/OP,Y,2023,2023_round1.pdf
IT,578285,578285,SC/H/OP,Y,2023,2023_round1.pdf
IT,458302,458302,SC/S/OP,Y,2023,2023_round1.pdf
IT,153520,180478,SC/X/F,Y,2023,2023_round1.pdf
IT,132180,157698,SC/X/OP,Y,2023,2023_round1.pdf
IT,284286,394150,ST/X/F,Y,2023,2023_round1.pdf
IT,220538,329025,ST/X/OP,Y,2023,2023_round1.pdf
IT,102281,102281,UR/FF/F,Y,2023,2023_round1.pdf
IT,469469,469469,UR/H/OP,Y,2023,2023_round1.pdf
IT,169522,169522,UR/NCC/F,Y,2023,2023_round1.pdf
IT,170607,170607,UR/S/F,Y,2023,2023_round1.pdf
IT,47493,50611,UR/S/OP,Y,2023,2023_round1.pdf
IT,32452,37932,UR/X/F,Y,2023,2023_round1.pdf
IT,22584,29747,UR/X/OP,AI,2023,2023_round1.pdf
IT,26851,35507,UR/X/OP,Y,2023,2023_round1.pdf
MECH,67967,78308,EWS,Y,2023,2023_round1.pdf
MECH,53066,71707,FW/OP,Y,2023,2023_round1.pdf
MECH,126336,126336,OBC/S/OP,Y,2023,2023_round1.pdf
MECH,70574,97958,OBC/X/F,Y,2023,2023_round1.pdf
MECH,66839,74758,OBC/X/OP,Y,2023,2023_round1.pdf
MECH,318477,351581,SC/X/F,Y,2023,2023_round1.pdf
MECH,174038,330096,SC/X/OP,Y,2023,2023_round1.pdf
MECH,464512,557591,ST/X/F,Y,2023,2023_round1.pdf
MECH,297259,587774,ST/X/OP,Y,2023,2023_round1.pdf
MECH,279483,279483,UR/NCC/F,Y,2023,2023_round1.pdf
MECH,214486,214486,UR/S/OP,Y,2023,2023_round1.pdf
MECH,228978,228978,UR/S/OP,Y,2023,2023_round1.pdf
MECH,83699,97524,UR/X/F,Y,2023,2023_round1.pdf
MECH,60893,70010,UR/X/OP,AI,2023,2023_round1.pdf
MECH,36576,77349,UR/X/OP,Y,2023,2023_round1.pdf
IP,700697,700697,ST/X/OP,Y,2023,2023_round2.pdf
IP,228978,521568,UR/S/OP,Y,2023,2023_round2.pdf
IP,143683,228755,UR/X/F,Y,2023,2023_round2.pdf
IP,107086,151207,UR/X/OP,Y,2023,2023_round2.pdf
IP,124735,155978,UR/X/OP,AI,2023,2023_round2.pdf
IT,60180,60455,EWS,Y,2023,2023_round2.pdf
IT,49553,49553,FW/OP,Y,2023,2023_round2.pdf
IT,51560,55314,OBC/X/OP,Y,2023,2023_round2.pdf
IT,182181,182181,SC/X/F,Y,2023,2023_round2.pdf
IT,166468,173065,SC/X/OP,Y,2023,2023_round2.pdf
IT,128162,189917,ST/X/OP,Y,2023,2023_round2.pdf
IT,616512,616512,UR/H/OP,Y,2023,2023_round2.pdf
IT,64745,66526,UR/X/F,Y,2023,2023_round2.pdf
IT,29903,37162,UR/X/OP,AI,2023,2023_round2.pdf
IT,50541,60286,UR/X/OP,Y,2023,2023_round2.pdf
MECH,111578,112732,EWS,Y,2023,2023_round2.pdf
MECH,107506,116963,FW/OP,Y,2023,2023_round2.pdf
MECH,128588,163603,OBC/X/F,Y,2023,2023_round2.pdf
MECH,71904,100272,OBC/X/OP,Y,2023,2023_round2.pdf
MECH,519985,519985,ST/X/F,Y,2023,2023_round2.pdf
MECH,488504,700394,ST/X/OP,Y,2023,2023_round2.pdf
MECH,111989,130549,UR/X/F,Y,2023,2023_round2.pdf
IP,150804,154743,OBC/X/F,Y,2024,2024_round1.pdf
IP,135446,171437,OBC/X/OP,Y,2024,2024_round1.pdf
IP,314089,473106,SC/X/F,Y,2024,2024_round1.pdf
IP,352543,1008443,SC/X/OP,Y,2024,2024_round1.pdf
IP,361634,361634,UR/S/OP,Y,2024,2024_round1.pdf
IP,99115,146666,UR/X/F,Y,2024,2024_round1.pdf
IP,71791,82816,UR/X/OP,AI,2024,2024_round1.pdf
IP,82631,132257,UR/X/OP,Y,2024,2024_round1.pdf
IT,32713,38077,EWS,Y,2024,2024_round1.pdf
IT,26622,32923,FW/OP,Y,2024,2024_round1.pdf
IT,799084,799084,OBC/H/F,Y,2024,2024_round1.pdf
IT,135433,135433,OBC/NCC/OP,Y,2024,2024_round1.pdf
IT,124444,124444,OBC/S/OP,Y,2024,2024_round1.pdf
IT,48736,52965,OBC/X/F,Y,2024,2024_round1.pdf
IT,40381,48343,OBC/X/OP,Y,2024,2024_round1.pdf
IT,1083940,1083940,SC/H/OP,Y,2024,2024_round1.pdf
IT,133546,238391,SC/X/F,Y,2024,2024_round1.pdf
IT,98297,180392,SC/X/OP,Y,2024,2024_round1.pdf
IT,342716,470677,ST/X/F,Y,2024,2024_round1.pdf
IT,336276,479369,ST/X/OP,Y,2024,2024_round1.pdf
IT,953109,953109,UR/FF/F,Y,2024,2024_round1.pdf
IT,310640,310640,UR/H/OP,Y,2024,2024_round1.pdf
IT,523925,523925,UR/NCC/F,Y,2024,2024_round1.pdf
IT,107494,107494,UR/S/F,Y,2024,2024_round1.pdf
IT,71838,91980,UR/S/OP,Y,2024,2024_round1.pdf
IT,35362,44875,UR/X/F,Y,2024,2024_round1.pdf
IT,34190,39030,UR/X/OP,AI,2024,2024_round1.pdf
IT,27597,39520,UR/X/OP,Y,2024,2024_round1.pdf
MECH,55421,80663,EWS,Y,2024,2024_round1.pdf
MECH,44638,73927,FW/OP,Y,2024,2024_round1.pdf
MECH,104532,104532,OBC/S/OP,Y,2024,2024_round1.pdf
MECH,103621,110326,OBC/X/F,Y,2024,2024_round1.pdf
EI,521252,521252,ST/X/F,Y,2024,2024_round2.pdf
MECH,227331,603009,ST/X/F,Y,2024,2024_round2.pdf
IP,954644,954644,ST/X/F,Y,2024,2024_round2.pdf
CSE,10953,10953,ST/X/OP,Y,2024,2024_round2.pdf
CE,246829,406743,ST/X/OP,Y,2024,2024_round2.pdf
IT,419154,419154,ST/X/OP,Y,2024,2024_round2.pdf
EE,528427,635386,ST/X/OP,Y,2024,2024_round2.pdf
MECH,523813,882182,ST/X/OP,Y,2024,2024_round2.pdf
EI,619324,1153192,ST/X/OP,Y,2024,2024_round2.pdf
BM,1353397,1353397,ST/X/OP,Y,2024,2024_round2.pdf
MECH,922199,922199,UR/NCC/OP,Y,2024,2024_round2.pdf
CE,1023661,1023661,UR/S/F,Y,2024,2024_round2.pdf
IT,71838,71838,UR/S/OP,Y,2024,2024_round2.pdf
IP,389178,389178,UR/S/OP,Y,2024,2024_round2.pdf
CSE,40534,54537,UR/X/F,Y,2024,2024_round2.pdf
IT,54625,61927,UR/X/F,Y,2024,2024_round2.pdf
EI,73650,73650,UR/X/F,Y,2024,2024_round2.pdf
EE,85503,88802,UR/X/F,Y,2024,2024_round2.pdf
MECH,93845,100958,UR/X/F,Y,2024,2024_round2.pdf
IP,103215,126463,UR/X/F,Y,2024,2024_round2.pdf
CE,112924,151093,UR/X/F,Y,2024,2024_round2.pdf
BM,156948,184092,UR/X/F,Y,2024,2024_round2.pdf
IT,3907,3907,UR/X/OP,AI,2024,2024_round2.pdf
CSE,9378,9378,UR/X/OP,Y,2024,2024_round2.pdf
IT,11528,42938,UR/X/OP,Y,2024,2024_round2.pdf
EI,57740,69256,UR/X/OP,Y,2024,2024_round2.pdf
EI,68713,70020,UR/X/OP,AI,2024,2024_round2.pdf
EE,59510,79101,UR/X/OP,Y,2024,2024_round2.pdf
EE,24244,80104,UR/X/OP,AI,2024,2024_round2.pdf
MECH,82713,89313,UR/X/OP,AI,2024,2024_round2.pdf
MECH,78489,96818,UR/X/OP,Y,2024,2024_round2.pdf
CE,53868,104781,UR/X/OP,Y,2024,2024_round2.pdf
CE,92007,108401,UR/X/OP,AI,2024,2024_round2.pdf
IP,94053,143191,UR/X/OP,Y,2024,2024_round2.pdf
IP,131452,143800,UR/X/OP,AI,2024,2024_round2.pdf
BM,117716,163802,UR/X/OP,AI,2024,2024_round2.pdf
BM,108631,199966,UR/X/OP,Y,2024,2024_round2.pdf
