branch,opening_rank,closing_rank,category,main_category,quota,gender,year,source_file,rank_gap,avg_rank,is_reserved,is_female,is_special_quota,branch_encoded,main_category_encoded,quota_encoded,year_normalized,log_closing_rank,log_opening_rank,branch_year,category_branch
IP,44504,75111,UR/X/OP,UR,X,OP,2020,2020_round1.pdf,30607,59807.5,0,0,0,10,5,6,0,11.226735611938384,10.703356821393031,0,50
IP,63965,78762,EWS,EWS,GENERAL,OP,2020,2020_round1.pdf,14797,71363.5,1,0,0,10,0,1,0,11.27419862242886,11.066106971178531,0,0
IP,48279,95912,UR/X/F,UR,X,F,2020,2020_round1.pdf,47633,72095.5,0,1,0,10,5,6,0,11.471196809557176,10.784772675211467,0,50
IP,112671,112964,OBC/X/F,OBC,X,F,2020,2020_round1.pdf,293,112817.5,1,1,0,10,2,6,0,11.634833315203561,11.632236221954779,0,20
IP,273271,273271,UR/S/OP,UR,S,OP,2020,2020_round1.pdf,0,273271.0,0,0,1,10,5,5,0,12.518222915149167,12.518222915149167,0,50
IP,352405,354675,SC/X/F,SC,X,F,2020,2020_round1.pdf,2270,353540.0,1,1,0,10,3,6,0,12.778959975658836,12.772539199005916,0,30
IP,307098,430354,SC/X/OP,SC,X,OP,2020,2020_round1.pdf,123256,368726.0,1,0,0,10,3,6,0,12.972365728460225,12.634925450155295,0,30
IP,625437,625437,OBC/FF/OP,OBC,FF,OP,2020,2020_round1.pdf,0,625437.0,1,0,1,10,2,0,0,13.346207483272885,13.346207483272885,0,20
IP,385866,780792,ST/X/F,ST,X,F,2020,2020_round1.pdf,394926,583329.0,1,1,0,10,4,6,0,13.568065348876898,12.863248029487183,0,40
IP,571179,986083,ST/X/OP,ST,X,OP,2020,2020_round1.pdf,414904,778631.0,1,0,0,10,4,6,0,13.80149682265385,13.255459675388904,0,40
IT,17316,18761,FW/OP,FW,OP,OP,2020,2020_round1.pdf,1445,18038.5,1,0,0,11,1,4,0,9.839588826685896,9.75944395695215,0,11
IT,16380,21146,UR/X/OP,UR,X,OP,2020,2020_round1.pdf,4766,18763.0,0,0,0,11,5,6,0,9.959253330441985,9.703877405604631,0,55
IT,15677,21551,UR/X/OP,UR,X,OP,2020,2020_round1.pdf,5874,18614.0,0,0,0,11,5,6,0,9.978223898650144,9.660013734748668,0,55
IT,19294,24695,EWS,EWS,GENERAL,OP,2020,2020_round1.pdf,5401,21994.5,1,0,0,11,0,1,0,10.114396566181995,9.867601273971719,0,0
IT,16624,26179,OBC/X/OP,OBC,X,OP,2020,2020_round1.pdf,9555,21401.5,1,0,0,11,2,6,0,10.172751039463892,9.718662865524054,0,22
IT,20404,26367,UR/X/F,UR,X,F,2020,2020_round1.pdf,5963,23385.5,0,1,0,11,5,6,0,10.179906432709199,9.923535247839906,0,55
IT,34783,39634,OBC/X/F,OBC,X,F,2020,2020_round1.pdf,4851,37208.5,1,1,0,11,2,6,0,10.587467845271256,10.456912789920937,0,22
IT,43406,43406,UR/S/OP,UR,S,OP,2020,2020_round1.pdf,0,43406.0,0,0,1,11,5,5,0,10.67837599740519,10.67837599740519,0,55
IT,46775,46775,OBC/NCC/OP,OBC,NCC,OP,2020,2020_round1.pdf,0,46775.0,1,0,1,11,2,3,0,10.753125529855506,10.753125529855506,0,22
IT,65581,65581,UR/H/OP,UR,H,OP,2020,2020_round1.pdf,0,65581.0,0,0,1,11,5,2,0,11.091056547036388,11.091056547036388,0,55
IT,91342,116407,SC/X/OP,SC,X,OP,2020,2020_round1.pdf,25065,103874.5,1,0,0,11,3,6,0,11.664856540440114,11.42237693051756,0,33
IT,161169,173559,SC/X/F,SC,X,F,2020,2020_round1.pdf,12390,167364.0,1,1,0,11,3,6,0,12.064278639912287,11.990214987516763,0,33
IT,175061,175061,UR/S/F,UR,S,F,2020,2020_round1.pdf,0,175061.0,0,1,1,11,5,5,0,12.072895475875573,12.072895475875573,0,55
IT,248170,248170,OBC/H/OP,OBC,H,OP,2020,2020_round1.pdf,0,248170.0,1,0,1,11,2,2,0,12.421873303669122,12.421873303669122,0,22
IT,275863,275863,UR/FF/F,UR,FF,F,2020,2020_round1.pdf,0,275863.0,0,1,1,11,5,0,0,12.527663269633136,12.527663269633136,0,55
IT,226138,365101,ST/X/OP,ST,X,OP,2020,2020_round1.pdf,138963,295619.5,1,0,0,11,4,6,0,12.807932045579971,12.328905133440013,0,44
IT,350259,425173,ST/X/F,ST,X,F,2020,2020_round1.pdf,74914,387716.0,1,1,0,11,4,6,0,12.960253775885132,12.766431014826656,0,44
IT,473855,473855,SC/S/OP,SC,S,OP,2020,2020_round1.pdf,0,473855.0,1,0,1,11,3,5,0,13.06865875705306,13.06865875705306,0,33
MECH,29734,38924,FW/OP,FW,OP,OP,2020,2020_round1.pdf,9190,34329.0,1,0,0,12,1,4,0,10.5693919967022,10.300080082140694,0,12
MECH,37494,48185,EWS,EWS,GENERAL,OP,2020,2020_round1.pdf,10691,42839.5,1,0,0,12,0,1,0,10.782823801416518,10.531962869735489,0,0
MECH,35387,49786,UR/X/OP,UR,X,OP,2020,2020_round1.pdf,14399,42586.5,0,0,0,12,5,6,0,10.815509184758076,10.474128058603277,0,60
MECH,11523,50029,UR/X/OP,UR,X,OP,2020,2020_round1.pdf,38506,30776.0,0,0,0,12,5,6,0,10.82037810448225,9.35218709620442,0,60
MECH,40241,50370,OBC/X/OP,OBC,X,OP,2020,2020_round1.pdf,10129,45305.5,1,0,0,12,2,6,0,10.827170891629782,10.602666505327793,0,24
MECH,37884,62936,UR/X/F,UR,X,F,2020,2020_round1.pdf,25052,50410.0,0,1,0,12,5,6,0,11.049889505040086,10.542310534365473,0,60
MECH,84172,84172,OBC/S/OP,OBC,S,OP,2020,2020_round1.pdf,0,84172.0,1,0,1,12,2,5,0,11.34062948372324,11.34062948372324,0,24
MECH,80565,84550,OBC/X/F,OBC,X,F,2020,2020_round1.pdf,3985,82557.5,1,1,0,12,2,6,0,11.345110181577896,11.2968320032685,0,24
MECH,101247,121074,UR/S/OP,UR,S,OP,2020,2020_round1.pdf,19827,111160.5,0,0,1,12,5,5,0,11.70416546727143,11.52532823168727,0,60
MECH,197776,197776,UR/NCC/OP,UR,NCC,OP,2020,2020_round1.pdf,0,197776.0,0,0,1,12,5,3,0,12.194895412340045,12.194895412340045,0,60
MECH,128781,220361,SC/X/OP,SC,X,OP,2020,2020_round1.pdf,91580,174571.0,1,0,0,12,3,6,0,12.303026927602826,11.765876331333438,0,36
MECH,164274,291075,SC/X/F,SC,X,F,2020,2020_round1.pdf,126801,227674.5,1,1,0,12,3,6,0,12.581339680439983,12.009297131766068,0,36
MECH,377586,377586,UR/FF/OP,UR,FF,OP,2020,2020_round1.pdf,0,377586.0,0,0,1,12,5,0,0,12.841556284694725,12.841556284694725,0,60
MECH,232031,393398,ST/X/OP,ST,X,OP,2020,2020_round1.pdf,161367,312714.5,1,0,0,12,4,6,0,12.882579642991821,12.354630572171319,0,48
MECH,402388,534787,ST/X/F,ST,X,F,2020,2020_round1.pdf,132399,468587.5,1,1,0,12,4,6,0,13.189625685663493,12.905174561409936,0,48
CE,133549,218749,FW/OP,FW,OP,OP,2020,2020_round1.pdf,85200,176149.0,1,0,0,4,1,4,0,12.29568480421986,11.802231218538108,0,4
CE,532334,978090,OBC/X/OP,OBC,X,OP,2020,2020_round1.pdf,445756,755212.0,1,0,0,4,2,6,0,13.793357991723113,13.18502826939452,0,8
CSE,761958,761958,FW/OP,FW,OP,OP,2020,2020_round1.pdf,0,761958.0,1,0,0,5,1,4,0,13.543648027446922,13.543648027446922,0,5
CSE,836832,836832,EWS,EWS,GENERAL,OP,2020,2020_round1.pdf,0,836832.0,1,0,0,5,0,1,0,13.637379807461683,13.637379807461683,0,0
CSE,257305,983900,UR/X/OP,UR,X,OP,2020,2020_round1.pdf,726595,620602.5,0,0,0,5,5,6,0,13.799280561216792,12.458021317080732,0,25
EC,281301,320121,ST/X/OP,ST,X,OP,2020,2020_round2.pdf,38820,300711.0,1,0,0,6,4,6,0,12.676457452118594,12.547184104299811,0,24
EC,912305,912305,UR/H/OP,UR,H,OP,2020,2020_round2.pdf,0,912305.0,0,0,1,6,5,2,0,13.723730739095892,13.723730739095892,0,30
EE,35068,39039,EWS,EWS,GENERAL,OP,2020,2020_round2.pdf,3971,37053.5,1,0,0,7,0,1,0,10.57234204052703,10.465072828327909,0,0
EE,34833,45282,FW/OP,FW,OP,OP,2020,2020_round2.pdf,10449,40057.5,1,0,0,7,1,4,0,10.720686965099299,10.45834920029173,0,7
EE,42791,45469,UR/X/OP,UR,X,OP,2020,2020_round2.pdf,2678,44130.0,0,0,0,7,5,6,0,10.724808046819057,10.664106448211086,0,35
EE,36831,45833,UR/X/OP,UR,X,OP,2020,2020_round2.pdf,9002,41332.0,0,0,0,7,5,6,0,10.732781452769414,10.514122311521609,0,35
EE,48073,49115,OBC/X/OP,OBC,X,OP,2020,2020_round2.pdf,1042,48594.0,1,0,0,7,2,6,0,10.801940126280403,10.780496769408607,0,14
EE,44926,53023,UR/X/F,UR,X,F,2020,2020_round2.pdf,8097,48974.5,0,1,0,7,5,6,0,10.87849992022629,10.712794229303016,0,35
EE,183255,183255,SC/X/OP,SC,X,OP,2020,2020_round2.pdf,0,183255.0,1,0,0,7,3,6,0,12.11863936136841,12.11863936136841,0,21
EE,295377,295377,ST/X/OP,ST,X,OP,2020,2020_round2.pdf,0,295377.0,1,0,0,7,4,6,0,12.59601117101825,12.59601117101825,0,28
EI,42191,43398,UR/X/F,UR,X,F,2020,2020_round2.pdf,1207,42794.5,0,1,0,8,5,6,0,10.678191678348384,10.649985908593068,0,40
EI,35569,43483,FW/OP,FW,OP,OP,2020,2020_round2.pdf,7914,39526.0,1,0,0,8,1,4,0,10.68014833332389,10.4792578649425,0,8
EI,32777,45744,UR/X/OP,UR,X,OP,2020,2020_round2.pdf,12967,39260.5,0,0,0,8,5,6,0,10.730837775113635,10.397512837623772,0,40
EI,47345,47345,UR/X/OP,UR,X,OP,2020,2020_round2.pdf,0,47345.0,0,0,0,8,5,6,0,10.76523761774909,10.76523761774909,0,40
EI,50431,50431,OBC/X/OP,OBC,X,OP,2020,2020_round2.pdf,0,50431.0,1,0,0,8,2,6,0,10.82838117321755,10.82838117321755,0,16
EI,37264,52738,EWS,EWS,GENERAL,OP,2020,2020_round2.pdf,15474,45001.0,1,0,0,8,0,1,0,10.873110498787055,10.525809827315793,0,0
EI,372901,372901,ST/X/OP,ST,X,OP,2020,2020_round2.pdf,0,372901.0,1,0,0,8,4,6,0,12.829070929520725,12.829070929520725,0,32
EI,426587,610672,ST/X/F,ST,X,F,2020,2020_round2.pdf,184085,518629.5,1,1,0,8,4,6,0,13.322316906673361,12.963573955228531,0,32
IP,51992,51992,FW/OP,FW,OP,OP,2020,2020_round2.pdf,0,51992.0,1,0,0,10,1,4,0,10.858864373117484,10.858864373117484,0,10
IP,60393,60393,OBC/X/OP,OBC,X,OP,2020,2020_round2.pdf,0,60393.0,1,0,0,10,2,6,0,11.008645041240241,11.008645041240241,0,20
IP,50839,65908,UR/X/OP,UR,X,OP,2020,2020_round2.pdf,15069,58373.5,0,0,0,10,5,6,0,11.096030281727145,10.83643872530339,0,50
IP,61807,79276,UR/X/F,UR,X,F,2020,2020_round2.pdf,17469,70541.5,0,1,0,10,5,6,0,11.280703327722811,11.031788084906063,0,50
IP,57092,80564,UR/X/OP,UR,X,OP,2020,2020_round2.pdf,23472,68828.0,0,0,0,10,5,6,0,11.296819591007669,10.952436796185138,0,50
IP,154457,154457,OBC/X/F,OBC,X,F,2020,2020_round2.pdf,0,154457.0,1,1,0,10,2,6,0,11.947677493703285,11.947677493703285,0,20
IP,246556,268432,SC/X/OP,SC,X,OP,2020,2020_round2.pdf,21876,257494.0,1,0,0,10,3,6,0,12.500356627341503,12.415348483056167,0,30
IP,479998,653170,ST/X/OP,ST,X,OP,2020,2020_round2.pdf,173172,566584.0,1,0,0,10,4,6,0,13.389594242277203,13.08153929954857,0,40
IP,758769,758769,ST/X/F,ST,X,F,2020,2020_round2.pdf,0,758769.0,1,1,0,10,4,6,0,13.539453980151777,13.539453980151777,0,40
IT,20549,22786,FW/OP,FW,OP,OP,2020,2020_round2.pdf,2237,21667.5,1,0,0,11,1,4,0,10.033945476892105,9.930616219924381,0,11
IT,20677,27473,UR/X/OP,UR,X,OP,2020,2020_round2.pdf,6796,24075.0,0,0,0,11,5,6,0,10.220995381885151,9.936825612146638,0,55
IT,24545,27728,UR/X/OP,UR,X,OP,2020,2020_round2.pdf,3183,26136.5,0,0,0,11,5,6,0,10.230234075932888,10.108304187157454,0,55
IT,23166,28839,EWS,EWS,GENERAL,OP,2020,2020_round2.pdf,5673,26002.5,1,0,0,11,0,1,0,10.269518591398885,10.05048413127047,0,0
IT,24868,30737,UR/X/F,UR,X,F,2020,2020_round2.pdf,5869,27802.5,0,1,0,11,5,6,0,10.333254953167257,10.12137732690179,0,55
IT,34732,35714,OBC/X/OP,OBC,X,OP,2020,2020_round2.pdf,982,35223.0,1,0,0,11,2,6,0,10.483326047589072,10.45544552265826,0,22
IT,80422,91837,OBC/X/F,OBC,X,F,2020,2020_round2.pdf,11415,86129.5,1,1,0,11,2,6,0,11.427781434312786,11.295055483908678,0,22
IT,129507,176662,SC/X/OP,SC,X,OP,2020,2020_round2.pdf,47155,153084.5,1,0,0,11,3,6,0,12.081999241927832,11.771497934275443,0,33
IT,168966,204400,SC/X/F,SC,X,F,2020,2020_round2.pdf,35434,186683.0,1,1,0,11,3,6,0,12.227839029667624,12.037458708566081,0,33
IT,287874,287874,ST/X/OP,ST,X,OP,2020,2020_round2.pdf,0,287874.0,1,0,0,11,4,6,0,12.570281637122987,12.570281637122987,0,44
IT,522986,522986,OBC/H/OP,OBC,H,OP,2020,2020_round2.pdf,0,522986.0,1,0,1,11,2,2,0,13.16731188614157,13.16731188614157,0,22
IT,800497,800497,UR/H/OP,UR,H,OP,2020,2020_round2.pdf,0,800497.0,0,0,1,11,5,2,0,13.59298931297731,13.59298931297731,0,55
MECH,36896,44397,FW/OP,FW,OP,OP,2020,2020_round2.pdf,7501,40646.5,1,0,0,12,1,4,0,10.700949702360713,10.51588552591052,0,12
MECH,47403,47403,UR/X/OP,UR,X,OP,2020,2020_round2.pdf,0,47403.0,0,0,0,12,5,6,0,10.766461892308339,10.766461892308339,0,60
MECH,18808,50397,UR/X/OP,UR,X,OP,2020,2020_round2.pdf,31589,34602.5,0,0,0,12,5,6,0,10.827706770732405,9.842090757670805,0,60
MECH,36757,50398,EWS,EWS,GENERAL,OP,2020,2020_round2.pdf,13641,43577.5,1,0,0,12,0,1,0,10.827726612592778,10.51211116802542,0,0
MECH,44504,50721,OBC/X/OP,OBC,X,OP,2020,2020_round2.pdf,6217,47612.5,1,0,0,12,2,6,0,10.834115020510335,10.703356821393031,0,24
MECH,46596,56141,UR/X/F,UR,X,F,2020,2020_round2.pdf,9545,51368.5,0,1,0,12,5,6,0,10.935639474503969,10.749291440359002,0,60
MECH,130980,136646,SC/X/OP,SC,X,OP,2020,2020_round2.pdf,5666,133813.0,1,0,0,12,3,6,0,11.825156237218406,11.782807553496298,0,36
MECH,232707,232707,SC/X/F,SC,X,F,2020,2020_round2.pdf,0,232707.0,1,1,0,12,3,6,0,12.35753972772823,12.35753972772823,0,36
MECH,276005,297123,ST/X/OP,ST,X,OP,2020,2020_round2.pdf,21118,286564.0,1,0,0,12,4,6,0,12.601904839069958,12.52817788359343,0,48
MECH,395644,395644,ST/X/F,ST,X,F,2020,2020_round2.pdf,0,395644.0,1,1,0,12,4,6,0,12.888272623525413,12.888272623525413,0,48
CE,527210,527210,ST/X/OP,ST,X,OP,2020,2020_round2.pdf,0,527210.0,1,0,0,4,4,6,0,13.175356126899654,13.175356126899654,0,16
CE,378488,533139,FW/OP,FW,OP,OP,2020,2020_round2.pdf,154651,455813.5,1,0,0,4,1,4,0,13.186539332822893,12.843942289350144,0,4
CE,166129,958887,UR/X/OP,UR,X,OP,2020,2020_round2.pdf,792758,562508.0,0,0,0,4,5,6,0,13.773529558724121,12.020525893380524,0,20
CSE,204261,326006,OBC/X/OP,OBC,X,OP,2020,2020_round2.pdf,121745,265133.5,1,0,0,5,2,6,0,12.694674132510954,12.227158762526434,0,10
CSE,519414,519414,SC/X/OP,SC,X,OP,2020,2020_round2.pdf,0,519414.0,1,0,0,5,3,6,0,13.1604584572701,13.1604584572701,0,15
EC,756325,756325,OBC/X/OP,OBC,X,OP,2020,2020_round2.pdf,0,756325.0,1,0,0,6,2,6,0,13.536227779145586,13.536227779145586,0,12
CSE,393509,393509,FW/OP,FW,OP,OP,2020,2020_round2.pdf,0,393509.0,1,0,0,5,1,4,0,12.8828617594773,12.8828617594773,0,5
EI,563189,722290,ST/X/F,ST,X,F,2021,2021_round1.pdf,159101,642739.5,1,1,0,8,4,6,1,13.490183383764714,13.241372327986518,8,32
EI,589106,741077,ST/X/OP,ST,X,OP,2021,2021_round1.pdf,151971,665091.5,1,0,0,8,4,6,1,13.515861161896341,13.286363109971859,8,32
IP,89115,92351,FW/OP,FW,OP,OP,2021,2021_round1.pdf,3236,90733.0,1,0,0,10,1,4,1,11.433362642133543,11.397694170850414,10,10
IP,80106,103367,UR/X/OP,UR,X,OP,2021,2021_round1.pdf,23261,91736.5,0,0,0,10,5,6,1,11.546050715402057,11.291118519999648,10,50
IP,91131,107760,EWS,EWS,GENERAL,OP,2021,2021_round1.pdf,16629,99445.5,1,0,0,10,0,1,1,11.587671090922406,11.42006428391894,10,0
IP,69685,131849,UR/X/OP,UR,X,OP,2021,2021_round1.pdf,62164,100767.0,0,0,0,10,5,6,1,11.789420191781433,11.151754715741239,10,50
IP,128308,132260,OBC/X/F,OBC,X,F,2021,2021_round1.pdf,3952,130284.0,1,1,0,10,2,6,1,11.792532522065033,11.762196696233879,10,20
IP,95516,135635,OBC/X/OP,OBC,X,OP,2021,2021_round1.pdf,40119,115575.5,1,0,0,10,2,6,1,11.81773010597873,11.467059521098042,10,20
IP,64560,137789,UR/X/F,UR,X,F,2021,2021_round1.pdf,73229,101174.5,0,1,0,10,5,6,1,11.833486065987948,11.075365792291032,10,50
IP,314715,314715,UR/S/OP,UR,S,OP,2021,2021_round1.pdf,0,314715.0,0,0,1,10,5,5,1,12.659425923831899,12.659425923831899,10,50
IP,319493,499182,SC/X/OP,SC,X,OP,2021,2021_round1.pdf,179689,409337.5,1,0,0,10,3,6,1,13.120728040970308,12.67449377328067,10,30
IP,444371,537033,SC/X/F,SC,X,F,2021,2021_round1.pdf,92662,490702.0,1,1,0,10,3,6,1,13.193816686198069,13.004417328462,10,30
IP,379818,632437,ST/X/OP,ST,X,OP,2021,2021_round1.pdf,252619,506127.5,1,0,0,10,4,6,1,13.35733747106376,12.847450102438694,10,40
IT,17301,21140,FW/OP,FW,OP,OP,2021,2021_round1.pdf,3839,19220.5,1,0,0,11,1,4,1,9.958969561995133,9.75857738074032,11,11
IT,19401,24455,UR/X/OP,UR,X,OP,2021,2021_round1.pdf,5054,21928.0,0,0,0,11,5,6,1,10.104630863570671,9.873131432521228,11,55
IT,20961,26913,EWS,EWS,GENERAL,OP,2021,2021_round1.pdf,5952,23937.0,1,0,0,11,0,1,1,10.200401876301486,9.950466553730122,11,0
IT,18805,27959,UR/X/OP,UR,X,OP,2021,2021_round1.pdf,9154,23382.0,0,0,0,11,5,6,1,10.238530196347746,9.841931246837023,11,55
IT,18487,31227,UR/X/F,UR,X,F,2021,2021_round1.pdf,12740,24857.0,0,1,0,11,5,6,1,10.349070407240182,9.824877151954217,11,55
IT,34253,34253,OBC/NCC/OP,OBC,NCC,OP,2021,2021_round1.pdf,0,34253.0,1,0,1,11,2,3,1,10.441558625192314,10.441558625192314,11,22
IT,28125,34372,OBC/X/OP,OBC,X,OP,2021,2021_round1.pdf,6247,31248.5,1,0,0,11,2,6,1,10.445026651458063,10.244449694430193,11,22
IT,39302,39302,UR/S/OP,UR,S,OP,2021,2021_round1.pdf,0,39302.0,0,0,1,11,5,5,1,10.57905613082178,10.57905613082178,11,55
IT,34470,40035,OBC/X/F,OBC,X,F,2021,2021_round1.pdf,5565,37252.5,1,1,0,11,2,6,1,10.59753432833891,10.44787366982408,11,22
IT,110250,132532,SC/X/OP,SC,X,OP,2021,2021_round1.pdf,22282,121391.0,1,0,0,11,3,6,1,11.79458695000274,11.610514863562742,11,33
IT,148607,148607,UR/S/F,UR,S,F,2021,2021_round1.pdf,0,148607.0,0,1,1,11,5,5,1,11.909067245617509,11.909067245617509,11,55
IT,155314,194307,SC/X/F,SC,X,F,2021,2021_round1.pdf,38993,174810.5,1,1,0,11,3,6,1,12.177199807961058,11.953210591723014,11,33
IT,308951,308951,UR/FF/F,UR,FF,F,2021,2021_round1.pdf,0,308951.0,0,1,1,11,5,0,1,12.64094120400758,12.64094120400758,11,55
IT,237547,314426,ST/X/OP,ST,X,OP,2021,2021_round1.pdf,76879,275986.5,1,0,0,11,4,6,1,12.658507213712491,12.378124987299474,11,44
IT,277779,324852,ST/X/F,ST,X,F,2021,2021_round1.pdf,47073,301315.5,1,1,0,11,4,6,1,12.691128051297587,12.53458471247021,11,44
IT,469279,469279,UR/H/OP,UR,H,OP,2021,2021_round1.pdf,0,469279.0,0,0,1,11,5,2,1,13.058954884211278,13.058954884211278,11,55
IT,553899,553899,OBC/H/OP,OBC,H,OP,2021,2021_round1.pdf,0,553899.0,1,0,1,11,2,2,1,13.224739444021195,13.224739444021195,11,22
MECH,47863,54759,UR/X/OP,UR,X,OP,2021,2021_round1.pdf,6896,51311.0,0,0,0,12,5,6,1,10.910715279402385,10.776118935069867,12,60
MECH,45383,59588,FW/OP,FW,OP,OP,2021,2021_round1.pdf,14205,52485.5,1,0,0,12,1,4,1,10.995226272261066,10.722914899006403,12,12
MECH,73814,73814,UR/S/OP,UR,S,OP,2021,2021_round1.pdf,0,73814.0,0,0,1,12,5,5,1,11.209317241968188,11.209317241968188,12,60
MECH,45487,74995,OBC/X/OP,OBC,X,OP,2021,2021_round1.pdf,29508,60241.0,1,0,0,12,2,6,1,11.225190057762841,10.725203833890781,12,24
MECH,65135,75318,EWS,EWS,GENERAL,OP,2021,2021_round1.pdf,10183,70226.5,1,0,0,12,0,1,1,11.229487705996814,11.08423267074276,12,0
MECH,23603,77707,UR/X/OP,UR,X,OP,2021,2021_round1.pdf,54104,50655.0,0,0,0,12,5,6,1,11.260713491158672,10.069171468177059,12,60
MECH,82698,94180,OBC/X/F,OBC,X,F,2021,2021_round1.pdf,11482,88439.0,1,1,0,12,2,6,1,11.452973741706773,11.322962789040247,12,24
MECH,50507,97570,UR/X/F,UR,X,F,2021,2021_round1.pdf,47063,74038.5,0,1,0,12,5,6,1,11.488335597101438,10.829887018558571,12,60
MECH,152952,152952,UR/FF/OP,UR,FF,OP,2021,2021_round1.pdf,0,152952.0,0,0,1,12,5,0,1,11.937885963639717,11.937885963639717,12,60
MECH,167089,167089,UR/NCC/OP,UR,NCC,OP,2021,2021_round1.pdf,0,167089.0,0,0,1,12,5,3,1,12.02628786838819,12.02628786838819,12,60
MECH,142870,283634,SC/X/OP,SC,X,OP,2021,2021_round1.pdf,140764,213252.0,1,0,0,12,3,6,1,12.55544347928343,11.869697404204764,12,36
MECH,347555,347555,UR/S/F,UR,S,F,2021,2021_round1.pdf,0,347555.0,0,1,1,12,5,5,1,12.75868108208268,12.75868108208268,12,60
MECH,250893,390941,SC/X/F,SC,X,F,2021,2021_round1.pdf,140048,320917.0,1,1,0,12,3,6,1,12.876314490368486,12.432785818158647,12,36
MECH,198582,493461,ST/X/OP,ST,X,OP,2021,2021_round1.pdf,294879,346021.5,1,0,0,12,4,6,1,13.109201133877772,12.19896242773503,12,48
MECH,400434,503532,ST/X/F,ST,X,F,2021,2021_round1.pdf,103098,451983.0,1,1,0,12,4,6,1,13.129404530204543,12.900306735190357,12,48
CE,370829,469224,FW/OP,FW,OP,OP,2021,2021_round1.pdf,98395,420026.5,1,0,0,4,1,4,1,13.058837676524451,12.823499015549979,4,4
CE,605042,605042,UR/X/OP,UR,X,OP,2021,2021_round1.pdf,0,605042.0,0,0,0,4,5,6,1,13.313054808867479,13.313054808867479,4,20
CE,426557,763980,OBC/X/OP,OBC,X,OP,2021,2021_round1.pdf,337423,595268.5,1,0,0,4,2,6,1,13.546298198729469,12.96350362728932,4,8
CSE,368511,738237,FW/OP,FW,OP,OP,2021,2021_round1.pdf,369726,553374.0,1,0,0,5,1,4,1,13.51202154481778,12.817228554531793,5,5
CSE,742156,742156,SC/X/OP,SC,X,OP,2021,2021_round1.pdf,0,742156.0,1,0,0,5,3,6,1,13.517316090063943,13.517316090063943,5,15
CSE,351614,769516,OBC/X/OP,OBC,X,OP,2021,2021_round1.pdf,417902,560565.0,1,0,0,5,2,6,1,13.553518324284747,12.770292105999198,5,10
MECH,521150,521150,FW/OP,FW,OP,OP,2021,2021_round1.pdf,0,521150.0,1,0,0,12,1,4,1,13.163795105998977,13.163795105998977,12,12
MECH,736563,772235,OBC/X/OP,OBC,X,OP,2021,2021_round1.pdf,35672,754399.0,1,0,0,12,2,6,1,13.557045481772212,13.509751408597573,12,24
CSE,478857,681018,FW/OP,FW,OP,OP,2021,2021_round1.pdf,202161,579937.5,1,0,0,5,1,4,1,13.43134548488929,13.07915938150333,5,5
CSE,321829,747212,UR/X/OP,UR,X,OP,2021,2021_round1.pdf,425383,534520.5,0,0,0,5,5,6,1,13.524105564032359,12.68177873480115,5,25
CSE,679546,760886,SC/X/OP,SC,X,OP,2021,2021_round1.pdf,81340,720216.0,1,0,0,5,3,6,1,13.542240136987779,13.42918167868756,5,15
CSE,798609,798609,OBC/X/OP,OBC,X,OP,2021,2021_round1.pdf,0,798609.0,1,0,0,5,2,6,1,13.590627995446209,13.590627995446209,5,10
CSE,401545,401545,UR/X/OP,UR,X,OP,2021,2021_round1.pdf,0,401545.0,0,0,0,5,5,6,1,12.903077376167417,12.903077376167417,5,25
AIADS,449051,449051,EWS,EWS,GENERAL,OP,2021,2021_round1.pdf,0,449051.0,1,0,0,0,0,1,1,13.014893972936187,13.014893972936187,0,0
EE,22129,33944,OBC/X/OP,OBC,X,OP,2021,2021_round2.pdf,11815,28036.5,1,0,0,7,2,6,1,10.432496846735747,10.004689433045096,7,14
EE,28744,39738,UR/X/OP,UR,X,OP,2021,2021_round2.pdf,10994,34241.0,0,0,0,7,5,6,1,10.59008835222604,10.266219118057391,7,35
EE,35058,40523,UR/X/OP,UR,X,OP,2021,2021_round2.pdf,5465,37790.5,0,0,0,7,5,6,1,10.609649670173567,10.46478763553565,7,35
EE,37448,42403,EWS,EWS,GENERAL,OP,2021,2021_round2.pdf,4955,39925.5,1,0,0,7,0,1,1,10.654997976392988,10.53073528631916,7,0
EE,36674,48975,UR/X/F,UR,X,F,2021,2021_round2.pdf,12301,42824.5,0,1,0,7,5,6,1,10.799085661185194,10.509850603011182,7,35
EE,54385,54385,OBC/X/F,OBC,X,F,2021,2021_round2.pdf,0,54385.0,1,1,0,7,2,6,1,10.903862046781907,10.903862046781907,7,14
EE,110143,110143,SC/X/F,SC,X,F,2021,2021_round2.pdf,0,110143.0,1,1,0,7,3,6,1,11.609543879571211,11.609543879571211,7,21
EE,147876,147876,OBC/H/F,OBC,H,F,2021,2021_round2.pdf,0,147876.0,1,1,1,7,2,2,1,11.90413612612583,11.90413612612583,7,14
EE,178106,199389,ST/X/OP,ST,X,OP,2021,2021_round2.pdf,21283,188747.5,1,0,0,7,4,6,1,12.203017984800946,12.090139772267312,7,28
EE,430792,430792,SC/NCC/OP,SC,NCC,OP,2021,2021_round2.pdf,0,430792.0,1,0,1,7,3,3,1,12.973382975292989,12.973382975292989,7,21
EE,678330,678330,SC/S/OP,SC,S,OP,2021,2021_round2.pdf,0,678330.0,1,0,1,7,3,5,1,13.427390648381367,13.427390648381367,7,21
EI,35557,35557,FW/OP,FW,OP,OP,2021,2021_round2.pdf,0,35557.0,1,0,0,8,1,4,1,10.478920445076517,10.478920445076517,8,8
EI,30762,36967,UR/X/OP,UR,X,OP,2021,2021_round2.pdf,6205,33864.5,0,0,0,8,5,6,1,10.517807952550102,10.334067948122689,8,40
EI,37098,37098,UR/X/OP,UR,X,OP,2021,2021_round2.pdf,0,37098.0,0,0,0,8,5,6,1,10.521345294054358,10.521345294054358,8,40
EI,40160,40160,UR/X/F,UR,X,F,2021,2021_round2.pdf,0,40160.0,0,1,0,8,5,6,1,10.600651654454007,10.600651654454007,8,40
EI,41159,41159,OBC/X/OP,OBC,X,OP,2021,2021_round2.pdf,0,41159.0,1,0,0,8,2,6,1,10.625222189947985,10.625222189947985,8,16
EI,46729,46729,EWS,EWS,GENERAL,OP,2021,2021_round2.pdf,0,46729.0,1,0,0,8,0,1,1,10.752141635694471,10.752141635694471,8,0
EI,59678,69761,OBC/X/F,OBC,X,F,2021,2021_round2.pdf,10083,64719.5,1,1,0,8,2,6,1,11.152844727896664,10.996735478705087,8,16
EI,90059,90059,UR/FF/OP,UR,FF,OP,2021,2021_round2.pdf,0,90059.0,0,0,1,8,5,0,1,11.408231393855562,11.408231393855562,8,40
EI,161453,161453,ST/X/OP,ST,X,OP,2021,2021_round2.pdf,0,161453.0,1,0,0,8,4,6,1,11.991975551351796,11.991975551351796,8,32
EI,257153,257153,ST/X/F,ST,X,F,2021,2021_round2.pdf,0,257153.0,1,1,0,8,4,6,1,12.457430406205551,12.457430406205551,8,32
IP,55669,61013,UR/X/F,UR,X,F,2021,2021_round2.pdf,5344,58341.0,0,1,0,10,5,6,1,11.018858625019192,10.927196681177554,10,50
IP,63888,66366,UR/X/OP,UR,X,OP,2021,2021_round2.pdf,2478,65127.0,0,0,0,10,5,6,1,11.102955223973272,11.06490248157219,10,50
IP,70491,70491,FW/OP,FW,OP,OP,2021,2021_round2.pdf,0,70491.0,1,0,0,10,1,4,1,11.16325450718426,11.16325450718426,10,10
IP,72930,81560,EWS,EWS,GENERAL,OP,2021,2021_round2.pdf,8630,77245.0,1,0,0,10,0,1,1,11.309106485525438,11.19726906766269,10,0
IP,301107,301107,ST/X/OP,ST,X,OP,2021,2021_round2.pdf,0,301107.0,1,0,0,10,4,6,1,12.615224283362966,12.615224283362966,10,40
IP,307779,635125,ST/X/F,ST,X,F,2021,2021_round2.pdf,327346,471452.0,1,1,0,10,4,6,1,13.361578683388004,12.637140521017843,10,40
IT,11802,17446,UR/X/OP,UR,X,OP,2021,2021_round2.pdf,5644,14624.0,0,0,0,11,5,6,1,9.766922993079902,9.37610901542907,11,55
IT,12263,17676,FW/OP,FW,OP,OP,2021,2021_round2.pdf,5413,14969.5,1,0,0,11,1,4,1,9.780019638535883,9.41442342055165,11,11
IT,18205,18205,EWS,EWS,GENERAL,OP,2021,2021_round2.pdf,0,18205.0,1,0,0,11,0,1,1,9.809506489065233,9.809506489065233,11,0
IT,18002,18825,UR/X/OP,UR,X,OP,2021,2021_round2.pdf,823,18413.5,0,0,0,11,5,6,1,9.842994172107165,9.798293689657623,11,55
IT,18029,21376,OBC/X/OP,OBC,X,OP,2021,2021_round2.pdf,3347,19702.5,1,0,0,11,2,6,1,9.97007085667928,9.799792316197363,11,22
IT,16689,23692,UR/X/F,UR,X,F,2021,2021_round2.pdf,7003,20190.5,0,1,0,11,5,6,1,10.072934924846477,9.722565016655881,11,55
IT,34253,34253,OBC/NCC/OP,OBC,NCC,OP,2021,2021_round2.pdf,0,34253.0,1,0,1,11,2,3,1,10.441558625192314,10.441558625192314,11,22
IT,44943,44943,SC/X/OP,SC,X,OP,2021,2021_round2.pdf,0,44943.0,1,0,0,11,3,6,1,10.713172549344025,10.713172549344025,11,33
IT,109666,143218,ST/X/OP,ST,X,OP,2021,2021_round2.pdf,33552,126442.0,1,0,0,11,4,6,1,11.872130206271509,11.605203780588457,11,44
IT,494043,494043,OBC/H/OP,OBC,H,OP,2021,2021_round2.pdf,0,494043.0,1,0,1,11,2,2,1,13.110379861029578,13.110379861029578,11,22
MECH,23603,41341,UR/X/OP,UR,X,OP,2021,2021_round2.pdf,17738,32472.0,0,0,0,12,5,6,1,10.629634211359182,10.069171468177059,12,60
MECH,27472,44450,FW/OP,FW,OP,OP,2021,2021_round2.pdf,16978,35961.0,1,0,0,12,1,4,1,10.702142737876844,10.220958983173661,12,12
MECH,45487,45487,OBC/X/OP,OBC,X,OP,2021,2021_round2.pdf,0,45487.0,1,0,0,12,2,6,1,10.725203833890781,10.725203833890781,12,24
MECH,43892,45713,UR/X/OP,UR,X,OP,2021,2021_round2.pdf,1821,44802.5,0,0,0,12,5,6,1,10.730159875701064,10.689510133046271,12,60
MECH,55578,60368,UR/X/F,UR,X,F,2021,2021_round2.pdf,4790,57973.0,0,1,0,12,5,6,1,11.008231007134478,10.925560711051151,12,60
MECH,152952,152952,UR/FF/OP,UR,FF,OP,2021,2021_round2.pdf,0,152952.0,0,0,1,12,5,0,1,11.937885963639717,11.937885963639717,12,60
MECH,179075,231024,ST/X/OP,ST,X,OP,2021,2021_round2.pdf,51949,205049.5,1,0,0,12,4,6,1,12.350281208756241,12.095565575719469,12,48
CSE,637122,674005,OBC/X/OP,OBC,X,OP,2021,2021_round2.pdf,36883,655563.5,1,0,0,5,2,6,1,13.420994291931972,13.364718008535984,5,10
CSE,394695,775627,UR/X/OP,UR,X,OP,2021,2021_round2.pdf,380932,585161.0,0,0,0,5,5,6,1,13.561428302782037,12.885871127320387,5,25
CSE,801714,801714,FW/OP,FW,OP,OP,2021,2021_round2.pdf,0,801714.0,1,0,0,5,1,4,1,13.594508462096748,13.594508462096748,5,5
EC,700621,700621,SC/X/OP,SC,X,OP,2021,2021_round2.pdf,0,700621.0,1,0,0,6,3,6,1,13.459723790908226,13.459723790908226,6,18
MECH,733850,733850,SC/X/OP,SC,X,OP,2021,2021_round2.pdf,0,733850.0,1,0,0,12,3,6,1,13.506061289714713,13.506061289714713,12,36
CSE,422407,504308,FW/OP,FW,OP,OP,2021,2021_round2.pdf,81901,463357.5,1,0,0,5,1,4,1,13.130944454425498,12.95372695058878,5,5
CSE,321077,321077,OBC/X/OP,OBC,X,OP,2021,2021_round2.pdf,0,321077.0,1,0,0,5,2,6,1,12.67943936324891,12.67943936324891,5,10
AIADS,739887,813977,UR/X/OP,UR,X,OP,2021,2021_round2.pdf,74090,776932.0,0,0,0,0,5,6,1,13.609688617592413,13.51425410237423,0,0
CE,693434,693434,ST/X/OP,ST,X,OP,2021,2021_round2.pdf,0,693434.0,1,0,0,4,4,6,1,13.449412786874971,13.449412786874971,4,16
CSE,302285,302285,OBC/X/OP,OBC,X,OP,2021,2021_round2.pdf,0,302285.0,1,0,0,5,2,6,1,12.619128868084152,12.619128868084152,5,10
IP,541736,541736,UR/S/F,UR,S,F,2022,2022_round1.pdf,0,541736.0,0,1,1,10,5,5,2,13.20253592280243,13.20253592280243,20,50
IP,244816,684663,ST/X/OP,ST,X,OP,2022,2022_round1.pdf,439847,464739.5,1,0,0,10,4,6,2,13.436683485955609,12.408266271653599,20,40
IP,201045,688125,SC/X/F,SC,X,F,2022,2022_round1.pdf,487080,444585.0,1,1,0,10,3,6,2,13.441727239682367,12.21128901657913,20,30
IP,239952,873844,SC/X/OP,SC,X,OP,2022,2022_round1.pdf,633892,556898.0,1,0,0,10,3,6,2,13.680658293372336,12.388198349812944,20,30
IT,17902,19897,FW/OP,FW,OP,OP,2022,2022_round1.pdf,1995,18899.5,1,0,0,11,1,4,2,9.898374503149306,9.792723575551273,22,11
IT,21079,26905,UR/X/OP,UR,X,OP,2022,2022_round1.pdf,5826,23992.0,0,0,0,11,5,6,2,10.200104589045488,9.956080002655298,22,55
IT,18631,27174,UR/X/OP,UR,X,OP,2022,2022_round1.pdf,8543,22902.5,0,0,0,11,5,6,2,10.21005271198941,9.832635811564177,22,55
IT,26012,29804,OBC/X/OP,OBC,X,OP,2022,2022_round1.pdf,3792,27908.0,1,0,0,11,2,6,2,10.302431443654028,10.16635169204527,22,22
IT,26950,33030,EWS,EWS,GENERAL,OP,2022,2022_round1.pdf,6080,29990.0,1,0,0,11,0,1,2,10.405201793433656,10.201775681400134,22,0
IT,28884,36842,OBC/X/F,OBC,X,F,2022,2022_round1.pdf,7958,32863.0,1,1,0,11,2,6,2,10.514420920278495,10.271077708215365,22,22
IT,28577,37407,UR/X/F,UR,X,F,2022,2022_round1.pdf,8830,32992.0,0,1,0,11,5,6,2,10.529639864271795,10.260392470028915,22,55
IT,42293,52893,UR/S/OP,UR,S,OP,2022,2022_round1.pdf,10600,47593.0,0,0,1,11,5,5,2,10.876045189863586,10.65240051100193,22,55
IT,54533,54533,OBC/S/OP,OBC,S,OP,2022,2022_round1.pdf,0,54533.0,1,0,1,11,2,5,2,10.906579639346825,10.906579639346825,22,22
IT,89869,89869,UR/S/F,UR,S,F,2022,2022_round1.pdf,0,89869.0,0,1,1,11,5,5,2,11.40611946065242,11.40611946065242,22,55
IT,94027,94027,OBC/NCC/OP,OBC,NCC,OP,2022,2022_round1.pdf,0,94027.0,1,0,1,11,2,3,2,11.45134788923741,11.45134788923741,22,22
IT,122082,122082,UR/H/OP,UR,H,OP,2022,2022_round1.pdf,0,122082.0,0,0,1,11,5,2,2,11.71245642026615,11.71245642026615,22,55
IT,66133,133986,SC/X/OP,SC,X,OP,2022,2022_round1.pdf,67853,100059.5,1,0,0,11,3,6,2,11.805498059301422,11.09943826575915,22,33
IT,115214,185545,SC/X/F,SC,X,F,2022,2022_round1.pdf,70331,150379.5,1,1,0,11,3,6,2,12.131058108724714,11.654555227100891,22,33
IT,258845,258845,UR/NCC/F,UR,NCC,F,2022,2022_round1.pdf,0,258845.0,0,1,1,11,5,3,2,12.463988569245611,12.463988569245611,22,55
IT,199111,284991,ST/X/OP,ST,X,OP,2022,2022_round1.pdf,85880,242051.0,1,0,0,11,4,6,2,12.560216388681374,12.201622759456543,22,44
IT,287836,326620,ST/X/F,ST,X,F,2022,2022_round1.pdf,38784,307228.0,1,1,0,11,4,6,2,12.696555756287918,12.570149626673125,22,44
IT,376358,376358,OBC/H/OP,OBC,H,OP,2022,2022_round1.pdf,0,376358.0,1,0,1,11,2,2,2,12.838298754086669,12.838298754086669,22,22
IT,605140,605140,UR/FF/F,UR,FF,F,2022,2022_round1.pdf,0,605140.0,0,1,1,11,5,0,2,13.313216767710456,13.313216767710456,22,55
MECH,50615,67876,FW/OP,FW,OP,OP,2022,2022_round1.pdf,17261,59245.5,1,0,0,12,1,4,2,11.125452522732143,10.83202301082672,24,12
MECH,59412,68136,UR/X/OP,UR,X,OP,2022,2022_round1.pdf,8724,63774.0,0,0,0,12,5,6,2,11.129275663242511,10.992268336624281,24,60
MECH,50023,77476,UR/X/OP,UR,X,OP,2022,2022_round1.pdf,27453,63749.5,0,0,0,12,5,6,2,11.257736397101715,10.820258169247134,24,60
MECH,63146,77872,OBC/X/OP,OBC,X,OP,2022,2022_round1.pdf,14726,70509.0,1,0,0,12,2,6,2,11.262834573576976,11.053220620711953,24,24
MECH,68157,84360,EWS,EWS,GENERAL,OP,2022,2022_round1.pdf,16203,76258.5,1,0,0,12,0,1,2,11.342860488481676,11.129583818349687,24,0
ENTC,31766,40507,FW/OP,FW,OP,OP,2022,2022_round2.pdf,8741,36136.5,1,0,0,9,1,4,2,10.609254764452176,10.366183294098564,18,9
ENTC,32498,40621,UR/X/OP,UR,X,OP,2022,2022_round2.pdf,8123,36559.5,0,0,0,9,5,6,2,10.61206507075143,10.388964598613677,18,45
ENTC,37248,40815,OBC/X/OP,OBC,X,OP,2022,2022_round2.pdf,3567,39031.5,1,0,0,9,2,6,2,10.616829440381593,10.525380377809771,18,18
ENTC,41788,41788,EWS,EWS,GENERAL,OP,2022,2022_round2.pdf,0,41788.0,1,0,0,9,0,1,2,10.640388425985996,10.640388425985996,18,0
ENTC,41421,42685,UR/X/OP,UR,X,OP,2022,2022_round2.pdf,1264,42053.0,0,0,0,9,5,6,2,10.661626276603513,10.631567419636097,18,45
ENTC,39265,52698,UR/X/F,UR,X,F,2022,2022_round2.pdf,13433,45981.5,0,1,0,9,5,6,2,10.872351759017352,10.578114283458694,18,45
ENTC,64638,75143,OBC/X/F,OBC,X,F,2022,2022_round2.pdf,10505,69890.5,1,1,0,9,2,6,2,11.227161551674351,11.076573222778281,18,18
ENTC,253046,261086,ST/X/OP,ST,X,OP,2022,2022_round2.pdf,8040,257066.0,1,0,0,9,4,6,2,12.47260896409495,12.441330521207396,18,36
ENTC,352252,462794,ST/X/F,ST,X,F,2022,2022_round2.pdf,110542,407523.0,1,1,0,9,4,6,2,13.045039470440358,12.772104946403156,18,36
IP,69000,95886,UR/X/OP,UR,X,OP,2022,2022_round2.pdf,26886,82443.0,0,0,0,10,5,6,2,11.470925693809946,11.141876276228,20,50
IP,77049,109863,UR/X/OP,UR,X,OP,2022,2022_round2.pdf,32814,93456.0,0,0,0,10,5,6,2,11.606998516210117,11.252209840748263,20,50
IP,113638,113638,UR/X/F,UR,X,F,2022,2022_round2.pdf,0,113638.0,0,1,0,10,5,6,2,11.640782036210997,11.640782036210997,20,50
IP,93722,114615,FW/OP,FW,OP,OP,2022,2022_round2.pdf,20893,104168.5,1,0,0,10,1,4,2,11.649342689573208,11.448098902352694,20,10
IP,129920,185938,EWS,EWS,GENERAL,OP,2022,2022_round2.pdf,56018,157929.0,1,0,0,10,0,1,2,12.133173941916437,11.774681852410218,20,0
IP,193292,361921,SC/X/OP,SC,X,OP,2022,2022_round2.pdf,168629,277606.5,1,0,0,10,3,6,2,12.799183997977737,12.171962451400514,20,30
IP,635143,635143,ST/X/F,ST,X,F,2022,2022_round2.pdf,0,635143.0,1,1,0,10,4,6,2,13.361607023819568,13.361607023819568,20,40
IP,446030,902406,ST/X/OP,ST,X,OP,2022,2022_round2.pdf,456376,674218.0,1,0,0,10,4,6,2,13.712820916788043,13.008143735313178,20,40
IT,23514,23514,UR/S/OP,UR,S,OP,2022,2022_round2.pdf,0,23514.0,0,0,1,11,5,5,2,10.065393794379148,10.065393794379148,22,55
IT,23952,23952,FW/OP,FW,OP,OP,2022,2022_round2.pdf,0,23952.0,1,0,0,11,1,4,2,10.083848855954896,10.083848855954896,22,11
IT,22366,28872,UR/X/OP,UR,X,OP,2022,2022_round2.pdf,6506,25619.0,0,0,0,11,5,6,2,10.270662181355965,10.01534193731027,22,55
IT,26582,29567,UR/X/OP,UR,X,OP,2022,2022_round2.pdf,2985,28074.5,0,0,0,11,5,6,2,10.294447974441411,10.188027192715412,22,55
IT,25577,31016,EWS,EWS,GENERAL,OP,2022,2022_round2.pdf,5439,28296.5,1,0,0,11,0,1,2,10.342290720254804,10.149487885993265,22,0
IT,26563,31710,UR/X/F,UR,X,F,2022,2022_round2.pdf,5147,29136.5,0,1,0,11,5,6,2,10.364418902828275,10.187312194660604,22,55
IT,28201,36678,OBC/X/OP,OBC,X,OP,2022,2022_round2.pdf,8477,32439.5,1,0,0,11,2,6,2,10.509959663185242,10.247148176397175,22,22
IT,43397,43397,OBC/X/F,OBC,X,F,2022,2022_round2.pdf,0,43397.0,1,1,0,11,2,6,2,10.678168636077336,10.678168636077336,22,22
IT,102111,102111,SC/X/OP,SC,X,OP,2022,2022_round2.pdf,0,102111.0,1,0,0,11,3,6,2,11.53382552907797,11.53382552907797,22,33
IT,176502,193711,SC/X/F,SC,X,F,2022,2022_round2.pdf,17209,185106.5,1,1,0,11,3,6,2,12.174127798947522,12.081093152378177,22,33
IT,133860,210979,ST/X/OP,ST,X,OP,2022,2022_round2.pdf,77119,172419.5,1,0,0,11,4,6,2,12.2595186212358,11.804557227118288,22,44
IT,376358,376358,OBC/H/OP,OBC,H,OP,2022,2022_round2.pdf,0,376358.0,1,0,1,11,2,2,2,12.838298754086669,12.838298754086669,22,22
MECH,59035,59035,UR/X/OP,UR,X,OP,2022,2022_round2.pdf,0,59035.0,0,0,0,12,5,6,2,10.985902706301667,10.985902706301667,24,60
MECH,64695,64695,FW/OP,FW,OP,OP,2022,2022_round2.pdf,0,64695.0,1,0,0,12,1,4,2,11.077454654775659,11.077454654775659,24,12
MECH,53780,68267,UR/X/OP,UR,X,OP,2022,2022_round2.pdf,14487,61023.5,0,0,0,12,5,6,2,11.131196414538648,10.892675523922948,24,60
MECH,60060,70164,OBC/X/OP,OBC,X,OP,2022,2022_round2.pdf,10104,65112.0,1,0,0,12,2,6,2,11.158604890185236,11.003115991415362,24,24
MECH,70638,73892,EWS,EWS,GENERAL,OP,2022,2022_round2.pdf,3254,72265.0,1,0,0,12,0,1,2,11.210373379851719,11.16533767889225,24,0
MECH,78374,86161,UR/X/F,UR,X,F,2022,2022_round2.pdf,7787,82267.5,0,1,0,12,5,6,2,11.363984524188531,11.269260277935222,24,60
MECH,129942,129942,UR/S/OP,UR,S,OP,2022,2022_round2.pdf,0,129942.0,0,0,1,12,5,5,2,11.77485117174689,11.77485117174689,24,60
MECH,136544,136544,OBC/X/F,OBC,X,F,2022,2022_round2.pdf,0,136544.0,1,1,0,12,2,6,2,11.824409509607499,11.824409509607499,24,24
MECH,240103,240103,ST/X/F,ST,X,F,2022,2022_round2.pdf,0,240103.0,1,1,0,12,4,6,2,12.388827441795687,12.388827441795687,24,48
MECH,229820,258057,ST/X/OP,ST,X,OP,2022,2022_round2.pdf,28237,243938.5,1,0,0,12,4,6,2,12.460939644840177,12.345056024033557,24,48
MECH,277428,277428,OBC/S/OP,OBC,S,OP,2022,2022_round2.pdf,0,277428.0,1,0,1,12,2,5,2,12.533320323576078,12.533320323576078,24,24
CE,829231,829231,OBC/X/OP,OBC,X,OP,2022,2022_round2.pdf,0,829231.0,1,0,0,4,2,6,2,13.628255250212543,13.628255250212543,8,8
CSE,363758,455057,UR/X/OP,UR,X,OP,2022,2022_round2.pdf,91299,409407.5,0,0,0,5,5,6,2,13.028180162336628,12.804246839429796,10,25
CSE,553519,553519,ST/X/OP,ST,X,OP,2022,2022_round2.pdf,0,553519.0,1,0,0,5,4,6,2,13.224053164172693,13.224053164172693,10,20
CSE,630663,630663,SC/X/OP,SC,X,OP,2022,2022_round2.pdf,0,630663.0,1,0,0,5,3,6,2,13.354528511587102,13.354528511587102,10,15
CSE,721771,721771,FW/OP,FW,OP,OP,2022,2022_round2.pdf,0,721771.0,1,0,0,5,1,4,2,13.489464578529283,13.489464578529283,10,5
CSE,557510,812922,OBC/X/OP,OBC,X,OP,2022,2022_round2.pdf,255412,685216.0,1,0,0,5,2,6,2,13.608391673097474,13.231237513063462,10,10
EC,100753,100753,UR/X/OP,UR,X,OP,2022,2022_round2.pdf,0,100753.0,0,0,0,6,5,6,2,11.520437181254067,11.520437181254067,12,30
AIML,457960,498510,UR/X/OP,UR,X,OP,2022,2022_round2.pdf,40550,478235.0,0,0,0,1,5,6,2,13.119380934339171,13.034539306632185,2,5
CSE,150785,150785,FW/OP,FW,OP,OP,2022,2022_round2.pdf,0,150785.0,1,0,0,5,1,4,2,11.923616892049974,11.923616892049974,10,5
CSE,254250,254250,UR/X/OP,UR,X,OP,2022,2022_round2.pdf,0,254250.0,0,0,0,5,5,6,2,12.446077247039748,12.446077247039748,10,25
CSE,799822,799822,OBC/X/OP,OBC,X,OP,2022,2022_round2.pdf,0,799822.0,1,0,0,5,2,6,2,13.592145732170673,13.592145732170673,10,10
IP,360804,487363,SC/X/F,SC,X,F,2023,2023_round1.pdf,126559,424083.5,1,1,0,10,3,6,3,13.09676655614048,12.79609292516771,30,30
IP,424816,763407,SC/X/OP,SC,X,OP,2023,2023_round1.pdf,338591,594111.5,1,0,0,10,3,6,3,13.545547898672469,12.959413766941525,30,30
IP,934394,934394,ST/X/F,ST,X,F,2023,2023_round1.pdf,0,934394.0,1,1,0,10,4,6,3,13.747654540014386,13.747654540014386,30,40
IP,521568,521568,UR/S/OP,UR,S,OP,2023,2023_round1.pdf,0,521568.0,0,0,1,10,5,5,3,13.16459685531306,13.16459685531306,30,50
IP,117962,171071,UR/X/F,UR,X,F,2023,2023_round1.pdf,53109,144516.5,0,1,0,10,5,6,3,12.04983979949859,11.678126294955765,30,50
IP,75393,90933,UR/X/OP,UR,X,OP,2023,2023_round1.pdf,15540,83163.0,0,0,0,10,5,6,3,11.41788924763476,11.230482975232924,30,50
IP,89436,139074,UR/X/OP,UR,X,OP,2023,2023_round1.pdf,49638,114255.0,0,0,0,10,5,6,3,11.842768634943495,11.401289745787023,30,50
IT,27578,32558,EWS,EWS,GENERAL,OP,2023,2023_round1.pdf,4980,30068.0,1,0,0,11,0,1,3,10.390809107114125,10.224809892531864,33,0
IT,26783,31409,FW/OP,FW,OP,OP,2023,2023_round1.pdf,4626,29096.0,1,0,0,11,1,4,3,10.354881592532692,10.195559973289201,33,11
IT,979460,979460,OBC/H/F,OBC,H,F,2023,2023_round1.pdf,0,979460.0,1,1,1,11,2,2,3,13.794757699341273,13.794757699341273,33,22
IT,124256,124256,OBC/NCC/OP,OBC,NCC,OP,2023,2023_round1.pdf,0,124256.0,1,0,1,11,2,3,3,11.730107280400118,11.730107280400118,33,22
IT,89683,89683,OBC/S/OP,OBC,S,OP,2023,2023_round1.pdf,0,89683.0,1,0,1,11,2,5,3,11.404047659784363,11.404047659784363,33,22
IT,44711,58612,OBC/X/F,OBC,X,F,2023,2023_round1.pdf,13901,51661.5,1,1,0,11,2,6,3,10.978711793964997,10.707997200949533,33,22
IT,34182,41270,OBC/X/OP,OBC,X,OP,2023,2023_round1.pdf,7088,37726.0,1,0,0,11,2,6,3,10.627915353129104,10.439483723444063,33,22
IT,578285,578285,SC/H/OP,SC,H,OP,2023,2023_round1.pdf,0,578285.0,1,0,1,11,3,2,3,13.26782383496515,13.26782383496515,33,33
IT,458302,458302,SC/S/OP,SC,S,OP,2023,2023_round1.pdf,0,458302.0,1,0,1,11,3,5,3,13.035285816406404,13.035285816406404,33,33
IT,153520,180478,SC/X/F,SC,X,F,2023,2023_round1.pdf,26958,166999.0,1,1,0,11,3,6,3,12.10336970649634,11.941592644469642,33,33
IT,132180,157698,SC/X/OP,SC,X,OP,2023,2023_round1.pdf,25518,144939.0,1,0,0,11,3,6,3,11.968443431776935,11.791927474436891,33,33
IT,284286,394150,ST/X/F,ST,X,F,2023,2023_round1.pdf,109864,339218.0,1,1,0,11,4,6,3,12.88448936359,12.5577395702482,33,44
IT,220538,329025,ST/X/OP,ST,X,OP,2023,2023_round1.pdf,108487,274781.5,1,0,0,11,4,6,3,12.703892053980635,12.30382982897755,33,44
IT,102281,102281,UR/FF/F,UR,FF,F,2023,2023_round1.pdf,0,102281.0,0,1,1,11,5,0,3,11.535488983378979,11.535488983378979,33,55
IT,469469,469469,UR/H/OP,UR,H,OP,2023,2023_round1.pdf,0,469469.0,0,0,1,11,5,2,3,13.059359677825327,13.059359677825327,33,55
IT,169522,169522,UR/NCC/F,UR,NCC,F,2023,2023_round1.pdf,0,169522.0,0,1,1,11,5,3,3,12.04074388981249,12.04074388981249,33,55
IT,170607,170607,UR/S/F,UR,S,F,2023,2023_round1.pdf,0,170607.0,0,1,1,11,5,5,3,12.04712380625796,12.04712380625796,33,55
IT,47493,50611,UR/S/OP,UR,S,OP,2023,2023_round1.pdf,3118,49052.0,0,0,1,11,5,5,3,10.831943981309154,10.768358666254748,33,55
IT,32452,37932,UR/X/F,UR,X,F,2023,2023_round1.pdf,5480,35192.0,0,1,0,11,5,6,3,10.543576724621428,10.387548167781963,33,55
IT,22584,29747,UR/X/OP,UR,X,OP,2023,2023_round1.pdf,7163,26165.5,0,0,0,11,5,6,3,10.30051718182319,10.025041248088705,33,55
IT,26851,35507,UR/X/OP,UR,X,OP,2023,2023_round1.pdf,8656,31179.0,0,0,0,11,5,6,3,10.47751330218821,10.198095585058642,33,55
MECH,67967,78308,EWS,EWS,GENERAL,OP,2023,2023_round1.pdf,10341,73137.5,1,0,0,12,0,1,3,11.268417817902243,11.126792285161557,36,0
MECH,53066,71707,FW/OP,FW,OP,OP,2023,2023_round1.pdf,18641,62386.5,1,0,0,12,1,4,3,11.18035759637473,10.879310545111617,36,12
MECH,126336,126336,OBC/S/OP,OBC,S,OP,2023,2023_round1.pdf,0,126336.0,1,0,1,12,2,5,3,11.746708218721976,11.746708218721976,36,24
MECH,70574,97958,OBC/X/F,OBC,X,F,2023,2023_round1.pdf,27384,84266.0,1,1,0,12,2,6,3,11.492304302765735,11.16443125312169,36,24
MECH,66839,74758,OBC/X/OP,OBC,X,OP,2023,2023_round1.pdf,7919,70798.5,1,0,0,12,2,6,3,11.222024885343066,11.11005698270933,36,24
MECH,318477,351581,SC/X/F,SC,X,F,2023,2023_round1.pdf,33104,335029.0,1,1,0,12,3,6,3,12.770198248943425,12.671308677825293,36,36
MECH,174038,330096,SC/X/OP,SC,X,OP,2023,2023_round1.pdf,156058,252067.0,1,0,0,12,3,6,3,12.707141829644883,12.067034691012548,36,36
MECH,464512,557591,ST/X/F,ST,X,F,2023,2023_round1.pdf,93079,511051.5,1,1,0,12,4,6,3,13.231382791123233,13.048744823927285,36,48
MECH,297259,587774,ST/X/OP,ST,X,OP,2023,2023_round1.pdf,290515,442516.5,1,0,0,12,4,6,3,13.284099500589175,12.602362455702886,36,48
MECH,279483,279483,UR/NCC/F,UR,NCC,F,2023,2023_round1.pdf,0,279483.0,0,1,1,12,5,3,3,12.540700324858228,12.540700324858228,36,60
MECH,214486,214486,UR/S/OP,UR,S,OP,2023,2023_round1.pdf,0,214486.0,0,0,1,12,5,5,3,12.27600440945298,12.27600440945298,36,60
MECH,228978,228978,UR/S/OP,UR,S,OP,2023,2023_round1.pdf,0,228978.0,0,0,1,12,5,5,3,12.341385575274625,12.341385575274625,36,60
MECH,83699,97524,UR/X/F,UR,X,F,2023,2023_round1.pdf,13825,90611.5,0,1,0,12,5,6,3,11.487864034374857,11.334994256477566,36,60
MECH,60893,70010,UR/X/OP,UR,X,OP,2023,2023_round1.pdf,9117,65451.5,0,0,0,12,5,6,3,11.156407651542994,11.016889926676873,36,60
MECH,36576,77349,UR/X/OP,UR,X,OP,2023,2023_round1.pdf,40773,56962.5,0,0,0,12,5,6,3,11.256095856001211,10.507174906553255,36,60
CE,233100,233100,FW/OP,FW,OP,OP,2023,2023_round1.pdf,0,233100.0,1,0,0,4,1,4,3,12.359227115018937,12.359227115018937,12,4
CE,804002,804002,OBC/X/OP,OBC,X,OP,2023,2023_round1.pdf,0,804002.0,1,0,0,4,2,6,3,13.597358279497426,13.597358279497426,12,8
CE,828955,828955,SC/X/OP,SC,X,OP,2023,2023_round1.pdf,0,828955.0,1,0,0,4,3,6,3,13.627922356713677,13.627922356713677,12,12
CE,192658,773282,UR/X/OP,UR,X,OP,2023,2023_round1.pdf,580624,482970.0,0,0,0,4,5,6,3,13.558400366649288,12.168677065807124,12,20
CSE,19218,19218,FW/OP,FW,OP,OP,2023,2023_round1.pdf,0,19218.0,1,0,0,5,1,4,3,9.863654652034406,9.863654652034406,15,5
CSE,386629,891475,OBC/X/OP,OBC,X,OP,2023,2023_round1.pdf,504846,639052.0,1,0,0,5,2,6,3,13.70063379500316,12.86522344233181,15,10
CSE,1001263,1069911,SC/X/OP,SC,X,OP,2023,2023_round1.pdf,68648,1035587.0,1,0,0,5,3,6,3,13.883086960065295,13.816773759788799,15,15
CSE,256031,969694,UR/X/OP,UR,X,OP,2023,2023_round1.pdf,713663,612862.5,0,0,0,5,5,6,3,13.784736868045458,12.45305771564985,15,25
EC,218262,218262,OBC/X/OP,OBC,X,OP,2023,2023_round1.pdf,0,218262.0,1,0,0,6,2,6,3,12.2934560366473,12.2934560366473,18,12
EC,106394,106394,UR/X/OP,UR,X,OP,2023,2023_round1.pdf,0,106394.0,0,0,0,6,5,6,3,11.574913862304296,11.574913862304296,18,30
MECH,1060384,1060384,SC/X/OP,SC,X,OP,2023,2023_round1.pdf,0,1060384.0,1,0,0,12,3,6,3,13.874142607691526,13.874142607691526,36,36
IP,700697,700697,ST/X/OP,ST,X,OP,2023,2023_round2.pdf,0,700697.0,1,0,0,10,4,6,3,13.459832260065983,13.459832260065983,30,40
IP,228978,521568,UR/S/OP,UR,S,OP,2023,2023_round2.pdf,292590,375273.0,0,0,1,10,5,5,3,13.16459685531306,12.341385575274625,30,50
IP,143683,228755,UR/X/F,UR,X,F,2023,2023_round2.pdf,85072,186219.0,0,1,0,10,5,6,3,12.340411212301976,11.875371722792163,30,50
IP,107086,151207,UR/X/OP,UR,X,OP,2023,2023_round2.pdf,44121,129146.5,0,0,0,10,5,6,3,11.926411651380793,11.581396867182375,30,50
IP,124735,155978,UR/X/OP,UR,X,OP,2023,2023_round2.pdf,31243,140356.5,0,0,0,10,5,6,3,11.957476661785595,11.733954782867233,30,50
IT,60180,60455,EWS,EWS,GENERAL,OP,2023,2023_round2.pdf,275,60317.5,1,0,0,11,0,1,3,11.009671106700555,11.005111966862197,33,0
IT,49553,49553,FW/OP,FW,OP,OP,2023,2023_round2.pdf,0,49553.0,1,0,0,11,1,4,3,10.810818263038772,10.810818263038772,33,11
IT,51560,55314,OBC/X/OP,OBC,X,OP,2023,2023_round2.pdf,3754,53437.0,1,0,0,11,2,6,3,10.920799398469011,10.850520851744797,33,22
IT,182181,182181,SC/X/F,SC,X,F,2023,2023_round2.pdf,0,182181.0,1,1,0,11,3,6,3,12.112761466392016,12.112761466392016,33,33
IT,166468,173065,SC/X/OP,SC,X,OP,2023,2023_round2.pdf,6597,169766.5,1,0,0,11,3,6,3,12.061428303616365,12.02256438488165,33,33
IT,128162,189917,ST/X/OP,ST,X,OP,2023,2023_round2.pdf,61755,159039.5,1,0,0,11,4,6,3,12.154347679038256,11.761058170267917,33,44
IT,616512,616512,UR/H/OP,UR,H,OP,2023,2023_round2.pdf,0,616512.0,0,0,1,11,5,2,3,13.331834688144424,13.331834688144424,33,55
IT,64745,66526,UR/X/F,UR,X,F,2023,2023_round2.pdf,1781,65635.5,0,1,0,11,5,6,3,11.105363159279738,11.078227201591789,33,55
IT,29903,37162,UR/X/OP,UR,X,OP,2023,2023_round2.pdf,7259,33532.5,0,0,0,11,5,6,3,10.523068921638984,10.305747529695344,33,55
IT,50541,60286,UR/X/OP,UR,X,OP,2023,2023_round2.pdf,9745,55413.5,0,0,0,11,5,6,3,11.006871770749637,10.83055995277496,33,55
MECH,111578,112732,EWS,EWS,GENERAL,OP,2023,2023_round2.pdf,1154,112155.0,1,0,0,12,0,1,3,11.632777469943857,11.622488139179756,36,0
MECH,107506,116963,FW/OP,FW,OP,OP,2023,2023_round2.pdf,9457,112234.5,1,0,0,12,1,4,3,11.66962147412521,11.585311240708952,36,12
MECH,128588,163603,OBC/X/F,OBC,X,F,2023,2023_round2.pdf,35015,146095.5,1,1,0,12,2,6,3,12.005204152729641,11.764376550579764,36,24
MECH,71904,100272,OBC/X/OP,OBC,X,OP,2023,2023_round2.pdf,28368,86088.0,1,0,0,12,2,6,3,11.515651745288512,11.18310108232048,36,24
MECH,519985,519985,ST/X/F,ST,X,F,2023,2023_round2.pdf,0,519985.0,1,1,0,12,4,6,3,13.161557167118254,13.161557167118254,36,48
MECH,488504,700394,ST/X/OP,ST,X,OP,2023,2023_round2.pdf,211890,594449.0,1,0,0,12,4,6,3,13.459399740590511,13.099104985827127,36,48
MECH,111989,130549,UR/X/F,UR,X,F,2023,2023_round2.pdf,18560,121269.0,0,1,0,12,5,6,3,11.779511574127275,11.62616486057674,36,60
EI,521252,521252,ST/X/F,ST,X,F,2024,2024_round2.pdf,0,521252.0,1,1,0,8,4,6,4,13.163990807474269,13.163990807474269,32,32
MECH,227331,603009,ST/X/F,ST,X,F,2024,2024_round2.pdf,375678,415170.0,1,1,0,12,4,6,4,13.30968905931974,12.33416678303765,48,48
ENTC,616415,616415,ST/X/F,ST,X,F,2024,2024_round2.pdf,0,616415.0,1,1,0,9,4,6,4,13.331677339261885,13.331677339261885,36,36
IP,954644,954644,ST/X/F,ST,X,F,2024,2024_round2.pdf,0,954644.0,1,1,0,10,4,6,4,13.76909482260629,13.76909482260629,40,40
CSE,10953,10953,ST/X/OP,ST,X,OP,2024,2024_round2.pdf,0,10953.0,1,0,0,5,4,6,4,9.301459965343666,9.301459965343666,20,20
CE,246829,406743,ST/X/OP,ST,X,OP,2024,2024_round2.pdf,159914,326786.0,1,0,0,4,4,6,4,12.915939273896887,12.41645511954177,16,16
IT,419154,419154,ST/X/OP,ST,X,OP,2024,2024_round2.pdf,0,419154.0,1,0,0,11,4,6,4,12.945996058898588,12.945996058898588,44,44
ENTC,441144,441144,ST/X/OP,ST,X,OP,2024,2024_round2.pdf,0,441144.0,1,0,0,9,4,6,4,12.997128898572646,12.997128898572646,36,36
EE,528427,635386,ST/X/OP,ST,X,OP,2024,2024_round2.pdf,106959,581906.5,1,0,0,7,4,6,4,13.361989541055216,13.17766184038535,28,28
MECH,523813,882182,ST/X/OP,ST,X,OP,2024,2024_round2.pdf,358369,702997.5,1,0,0,12,4,6,4,13.690154796460506,13.168891938457255,48,48
EI,619324,1153192,ST/X/OP,ST,X,OP,2024,2024_round2.pdf,533868,886258.0,1,0,0,8,4,6,4,13.958045174662058,13.336385454268978,32,32
BM,1353397,1353397,ST/X/OP,ST,X,OP,2024,2024_round2.pdf,0,1353397.0,1,0,0,3,4,6,4,14.118129025019455,14.118129025019455,12,12
ENTC,96874,96874,UR/FF/OP,UR,FF,OP,2024,2024_round2.pdf,0,96874.0,0,0,1,9,5,0,4,11.481176766655649,11.481176766655649,36,45
MECH,922199,922199,UR/NCC/OP,UR,NCC,OP,2024,2024_round2.pdf,0,922199.0,0,0,1,12,5,3,4,13.734517398754742,13.734517398754742,48,60
CE,1023661,1023661,UR/S/F,UR,S,F,2024,2024_round2.pdf,0,1023661.0,0,1,1,4,5,5,4,13.838896951968815,13.838896951968815,16,20
IT,71838,71838,UR/S/OP,UR,S,OP,2024,2024_round2.pdf,0,71838.0,0,0,1,11,5,5,4,11.182182783057373,11.182182783057373,44,55
IP,389178,389178,UR/S/OP,UR,S,OP,2024,2024_round2.pdf,0,389178.0,0,0,1,10,5,5,4,12.871794671003732,12.871794671003732,40,50
CSE,40534,54537,UR/X/F,UR,X,F,2024,2024_round2.pdf,14003,47535.5,0,1,0,5,5,6,4,10.906652985393507,10.609921077421808,20,25
IT,54625,61927,UR/X/F,UR,X,F,2024,2024_round2.pdf,7302,58276.0,0,1,0,11,5,6,4,11.03372769888455,10.908265238866482,44,55
ENTC,64065,70835,UR/X/F,UR,X,F,2024,2024_round2.pdf,6770,67450.0,0,1,0,9,5,6,4,11.16812262502869,11.067669080968816,36,45
EI,73650,73650,UR/X/F,UR,X,F,2024,2024_round2.pdf,0,73650.0,0,1,0,8,5,6,4,11.207092999531119,11.207092999531119,32,40
EE,85503,88802,UR/X/F,UR,X,F,2024,2024_round2.pdf,3299,87152.5,0,1,0,7,5,6,4,11.394175712193386,11.356318437456263,28,35
MECH,93845,100958,UR/X/F,UR,X,F,2024,2024_round2.pdf,7113,97401.5,0,1,0,12,5,6,4,11.52246977281315,11.449410419902296,48,60
IP,103215,126463,UR/X/F,UR,X,F,2024,2024_round2.pdf,23248,114839.0,0,1,0,10,5,6,4,11.747712961667485,11.544579158772024,40,50
CE,112924,151093,UR/X/F,UR,X,F,2024,2024_round2.pdf,38169,132008.5,0,1,0,4,5,6,4,11.925657438670298,11.634479160522805,16,20
BM,156948,184092,UR/X/F,UR,X,F,2024,2024_round2.pdf,27144,170520.0,0,1,0,3,5,6,4,12.123196343684596,11.963676190793924,12,15
BEIL,268308,300675,UR/X/F,UR,X,F,2024,2024_round2.pdf,32367,284491.5,0,1,0,2,5,6,4,12.613788552023458,12.499894580390805,8,10
IT,3907,3907,UR/X/OP,UR,X,OP,2024,2024_round2.pdf,0,3907.0,0,0,0,11,5,6,4,8.270781013162674,8.270781013162674,44,55
CSE,9378,9378,UR/X/OP,UR,X,OP,2024,2024_round2.pdf,0,9378.0,0,0,0,5,5,6,4,9.146228426508939,9.146228426508939,20,25
IT,11528,42938,UR/X/OP,UR,X,OP,2024,2024_round2.pdf,31410,27233.0,0,0,0,11,5,6,4,10.667535782852326,9.352620879232953,44,55
ENTC,24855,50665,UR/X/OP,UR,X,OP,2024,2024_round2.pdf,25810,37760.0,0,0,0,9,5,6,4,10.833010353179,10.120854451072884,36,45
ENTC,48148,56282,UR/X/OP,UR,X,OP,2024,2024_round2.pdf,8134,52215.0,0,0,0,9,5,6,4,10.938147814711721,10.782055648578622,36,45
EI,57740,69256,UR/X/OP,UR,X,OP,2024,2024_round2.pdf,11516,63498.0,0,0,0,8,5,6,4,11.14557950197353,10.963722772083234,32,40
EI,68713,70020,UR/X/OP,UR,X,OP,2024,2024_round2.pdf,1307,69366.5,0,0,0,8,5,6,4,11.156550476040493,11.137708242019782,32,40
EE,59510,79101,UR/X/OP,UR,X,OP,2024,2024_round2.pdf,19591,69305.5,0,0,0,7,5,6,4,11.278493437886162,10.993916448396218,28,35
EE,24244,80104,UR/X/OP,UR,X,OP,2024,2024_round2.pdf,55860,52174.0,0,0,0,7,5,6,4,11.291093553080815,10.095965689539453,28,35
MECH,82713,89313,UR/X/OP,UR,X,OP,2024,2024_round2.pdf,6600,86013.0,0,0,0,12,5,6,4,11.3999135294927,11.323144153262419,48,60
MECH,78489,96818,UR/X/OP,UR,X,OP,2024,2024_round2.pdf,18329,87653.5,0,0,0,12,5,6,4,11.48059853499581,11.270726507120859,48,60
CE,53868,104781,UR/X/OP,UR,X,OP,2024,2024_round2.pdf,50913,79324.5,0,0,0,4,5,6,4,11.559637280392185,10.894310452294558,16,20
CE,92007,108401,UR/X/OP,UR,X,OP,2024,2024_round2.pdf,16394,100204.0,0,0,0,4,5,6,4,11.593601818001982,11.429630808772417,16,20
IP,94053,143191,UR/X/OP,UR,X,OP,2024,2024_round2.pdf,49138,118622.0,0,0,0,10,5,6,4,11.871941666026336,11.451624364393624,40,50
IP,131452,143800,UR/X/OP,UR,X,OP,2024,2024_round2.pdf,12348,137626.0,0,0,0,10,5,6,4,11.876185678347824,11.786404652263519,40,50
BM,117716,163802,UR/X/OP,UR,X,OP,2024,2024_round2.pdf,46086,140759.0,0,0,0,3,5,6,4,12.006419765251703,11.676038717822886,12,15
BM,108631,199966,UR/X/OP,UR,X,OP,2024,2024_round2.pdf,91335,154298.5,0,0,0,3,5,6,4,12.205907631916176,11.59572130237863,12,15
